proposal_created_by,4hcKvjU4EMzz5TSjgk7CMwhTwy4gXTuhdEYHyd5Shaz8
proposal_created_timestamp,1774953551
proposal_created_iso,2026-03-31T10:39:11.000Z
proposal_created_signed_message,Torrino DAO admin action:start:wallet:4hcKvjU4EMzz5TSjgk7CMwhTwy4gXTuhdEYHyd5Shaz8:payload_hash:9d057d268d235aad884aa4025cf5b35e9c3f26ef4584150e736de5904b635756:timestamp:1774953525569
proposal_created_signature,3p27VcJZbN8mQHoTiQyUXN7H68QY8VhL8NLeQ6P5TbJQ75ioZwKJJTSoyBHvXjnV8aQv3uquYRsMua9s5GmDUdpY
proposal_lifecycle_status,Voting in progress
proposal_lifecycle_updated_timestamp,1774972751
proposal_lifecycle_updated_iso,2026-03-31T15:59:11.000Z
voting_start_timestamp,1774953000
voting_start_iso,2026-03-31T10:30:00.000Z
voting_end_timestamp,1775152800
voting_end_iso,2026-04-02T18:00:00.000Z
proposal_reset_by,
proposal_reset_timestamp,
proposal_reset_iso,
proposal_reset_signed_message,
proposal_reset_signature,
proposal_name,airdrop_pista
proposal_payload_hash,c1d423b959d74d6bb423ad4e03329d9a9a6f9016803c3fb9baf0ec59825f683e
proposal_title,AIRDROP $PISTA FOR ELIGIBLE ADRESSES
proposal_description,Vesting con rilascio graduale di $PISTA su Streamflow a tranche del 5% ogni 15 giorni
proposal_options,FAVOREVOLE | CONTRARIO
torrino_participation_rate,15.4%
solnauta_participation_rate,14.2%
total_voting_power_participation_rate,15.3%
result_FAVOREVOLE,98.00%
result_CONTRARIO,2.00%

wallet,solnauta_nfts,torrino_nfts,FAVOREVOLE,CONTRARIO,voting_power,timestamp,signed_message,signature
4hcKvjU4EMzz5TSjgk7CMwhTwy4gXTuhdEYHyd5Shaz8,"EwwGNJpWXqsNirZU1gWzHi3vtW59GXyz3wJKfsswjyTh
BMMsdox5pDD2tXq3CEAPXxeDKufXwkpWZwWfZkqUjTaz
8rDZ2ugw36LtSCQQD45z2ARtQacx4s754ot66qCFemQx
58CKJDfDfmvv7jBxzYePHP9jJrXhTDrck2HPoCqo8g7X
2NYNiEfAHRYPps3PjFEpjgogt419mu3HzGTKcZ5TjP7N","GzLUWTrCchCdGQtYdxiEfn31d79VryBaMvzfEiMYv8rk
68R48oPcCyssRh4AYAgkSfBydmgnHX6rjPYjRVcKVRLT
4L4bsFcvr4kbRkBRsvWHKjgwf16gqyhmeduxgbwMwZ3K",0.596306306,0.000000000,0.596306306,1774953638,Torrino DAO governance vote:proposal:airdrop_pista_2026-03-31.csv:proposal_hash:c1d423b959d74d6bb423ad4e03329d9a9a6f9016803c3fb9baf0ec59825f683e:option:FAVOREVOLE:wallet:4hcKvjU4EMzz5TSjgk7CMwhTwy4gXTuhdEYHyd5Shaz8:timestamp:1774953621792,3J5mTYgsoFXRDgCup9akNmVnceCh4BxKrayURegUqBJXVqwzQrWo4KVzn3sJkhf4tgYh5S3ZsXT68r7QB9j1gnnf
H55bM5iZL26UQV2fRAfRtZU3e7pVH9gLWh4dqAKye1Xs,"8awdmvsG45rcYcpUtpz5VWjUkW7danTzQ9dcvT2izAGz
5oEKiyNqaZgBoRmpSoQ49CNw73Dbh69VRemkZy8RYvCA
nUEYjYBAWpixVwceWPed1Zm5A5uLPqd4kBMb37Aww4J",,0.033783784,0.000000000,0.033783784,1774953850,Torrino DAO governance vote:proposal:airdrop_pista_2026-03-31.csv:proposal_hash:c1d423b959d74d6bb423ad4e03329d9a9a6f9016803c3fb9baf0ec59825f683e:option:FAVOREVOLE:wallet:H55bM5iZL26UQV2fRAfRtZU3e7pVH9gLWh4dqAKye1Xs:timestamp:1774953844051,4wKka5kXgKKY6oPvdr4qXsDsKgdgRjcpM74SdzKGRyj1GjvKK3iGiGLuWwSaKamya1RXtkJibwfQMsFGorm26XUa
4S9CvpCSKxpv6RtSHDXLXevJyaiYANtphDvrpsPYkaJ3,GswVRSiEjZQzoc7kzrXs9RmKU7qJGYdPoGRanmdt3qFN,,0.011261261,0.000000000,0.011261261,1774953882,Torrino DAO governance vote:proposal:airdrop_pista_2026-03-31.csv:proposal_hash:c1d423b959d74d6bb423ad4e03329d9a9a6f9016803c3fb9baf0ec59825f683e:option:FAVOREVOLE:wallet:4S9CvpCSKxpv6RtSHDXLXevJyaiYANtphDvrpsPYkaJ3:timestamp:1774953881436,4sLseh9acLRGBULNv3x5YZz1BHJEjcNWBKn5vaTR5XCNZ6ofBJuSDEdRWpLn5VbmGpR9sWLfUeQTpEgtG9frxkvS
CkME7SGE8erHi1XnhyKkSgmnTMWjSiTAh6DxEMn57iNJ,7NCRGrAUG7m3k3ipAw1LARz6WTj6TjfophhMsyE6ELSv,J8CjSgLsPbVkGFH6xeCEE6Q1xs5dpzqMKcTSF21pATeQ,0.191261261,0.000000000,0.191261261,1774953890,Torrino DAO governance vote:proposal:airdrop_pista_2026-03-31.csv:proposal_hash:c1d423b959d74d6bb423ad4e03329d9a9a6f9016803c3fb9baf0ec59825f683e:option:FAVOREVOLE:wallet:CkME7SGE8erHi1XnhyKkSgmnTMWjSiTAh6DxEMn57iNJ:timestamp:1774953884297,5ocqnRUYwKrCm3du2LTrnfyFFCXi8kVj4DEiDeKmDqjC1KnQtXnbjNohnJ4mFVm3zpXTby89aGVWVBDkQGq4k9y9
HbGYKt4ZAkYnVJiQt49hATfUVdJY32aeG39qUpTWujan,"2XJgn82vfdsz5rLvc3a6mzc2VmabrymNaZpuiVJabid3
kwRSkLwUj2RCPay2YqTB6eDrSHe7gFMeucYZb1MQXih
HK8qVpjugkry4BH7gaf8VmDwQJAmtitEuFRLy34du6k","7TVNMn7mWCPMSBKx8ZNtLVa9zbVPuShXC4yNwG5ggP9H
6S3xwPRi3emASK7HXRSbnLbtDmJvsqFMurVrFG7FSqtP
4JpvCGRueueKjPzYagGMBofkG2huFDJZsA3iWbUW493E",0.573783784,0.000000000,0.573783784,1774953895,Torrino DAO governance vote:proposal:airdrop_pista_2026-03-31.csv:proposal_hash:c1d423b959d74d6bb423ad4e03329d9a9a6f9016803c3fb9baf0ec59825f683e:option:FAVOREVOLE:wallet:HbGYKt4ZAkYnVJiQt49hATfUVdJY32aeG39qUpTWujan:timestamp:1774953878479,3Vv3cepZbBk7ChE281K93WmYSZL4kV1cUrQQ2js7qmeczqE8YJQabiBhihTk93aekq3xgPctx6hQ8qoWRqtVHxAc
GHKFb6wzA4tnLyDHPEHyZhqneRAd7ACWvyG5S3JoK8uy,BDUtaYAXg9xhNiLvbFPR2ow87s6DwMjPBbG48kzDMKSk,,0.000000000,0.011261261,0.011261261,1774953909,Torrino DAO governance vote:proposal:airdrop_pista_2026-03-31.csv:proposal_hash:c1d423b959d74d6bb423ad4e03329d9a9a6f9016803c3fb9baf0ec59825f683e:option:CONTRARIO:wallet:GHKFb6wzA4tnLyDHPEHyZhqneRAd7ACWvyG5S3JoK8uy:timestamp:1774953906853,j4e5xAvNm3FdNXXwfC9W4BsvzJdgjbkszYydDbhABCNhi39VgW6ZeXsywz18oQMpxkALi6Vjz1CafbLpDjfCPEa
4ettKvABw5Qy4js8PaXpfdcwQZFzcKPFHLg9PiRYLxR3,"GP8UtHY39vwjk7Mj7nDu6xBCz6aiw6rBh4Djhz2zTLjV
BqNZ6TNGrdf8wJ3ixhauHRm8YMzS58ZLKFrph9XDFQcx
7Gaoq4EnRSmPCcoMyPGUkddsjurqg1YqvjUyBbUaeLnw",,0.033783784,0.000000000,0.033783784,1774953929,Torrino DAO governance vote:proposal:airdrop_pista_2026-03-31.csv:proposal_hash:c1d423b959d74d6bb423ad4e03329d9a9a6f9016803c3fb9baf0ec59825f683e:option:FAVOREVOLE:wallet:4ettKvABw5Qy4js8PaXpfdcwQZFzcKPFHLg9PiRYLxR3:timestamp:1774953928144,3LmZhSNo94M56wcHZgPaMETNMo7Ys32hM3DgPfwqEMogMqNPVBpFyrsMvk1Nb4giq77oB2vsdh7AcoSNQ97D9B2d
9xRbx5Bc5KXADD2CDRaBAvuczw7F3cZhuTMhprXDp66V,FyfHBWbU73XWSP9XA8C4qhSUo7s82GQZZkFgGtH28vQB,"E5w8ZXtJ8YUrt7F5bhzGzKPnVrynABm2TaiEr4Ma2ABY
3njkgxJ78YW6rQQGhZ3hVqmdxMFKydc44kdptXbumqi3
tNL8StVzwpGsLKjfZ7Rn5L6oBkkdYL6iSivEaspKK4J",0.551261261,0.000000000,0.551261261,1774953931,Torrino DAO governance vote:proposal:airdrop_pista_2026-03-31.csv:proposal_hash:c1d423b959d74d6bb423ad4e03329d9a9a6f9016803c3fb9baf0ec59825f683e:option:FAVOREVOLE:wallet:9xRbx5Bc5KXADD2CDRaBAvuczw7F3cZhuTMhprXDp66V:timestamp:1774953929299,4CCDSB2aNzdoSfbPezPD93NF2VsVJSaSMjnd2h4VzWb3WApkGyEqjFRxaPbcRN3dDxGToSHt1Bj6xg2dbgSjNoQG
AKKapixT7ZWjCvVYWrBnFza4b8jUKbfYabR6nrGjvF2Q,AZM2uf1ujofrewbWPK56oX8hGWj3cGBDEzXU9aW6nusV,,0.011261261,0.000000000,0.011261261,1774953937,Torrino DAO governance vote:proposal:airdrop_pista_2026-03-31.csv:proposal_hash:c1d423b959d74d6bb423ad4e03329d9a9a6f9016803c3fb9baf0ec59825f683e:option:FAVOREVOLE:wallet:AKKapixT7ZWjCvVYWrBnFza4b8jUKbfYabR6nrGjvF2Q:timestamp:1774953933546,32YKsBzFcvQH2ahDHxwyuQoBUm3hP3urtNdHZKDeKzfuXoEkAXQodoYJfSkvCT7qZtgKHxoVrUpj1Q8J4nSnGumx
59C4gdQT5VFqZj8LTw5bt4CTzJkJpncujiG3xfngCzs8,8gjqkdHgmHvHUKZ3uHfbW3F1tYW4AKqjguG2rtvjhQ7Q,,0.011261261,0.000000000,0.011261261,1774953941,Torrino DAO governance vote:proposal:airdrop_pista_2026-03-31.csv:proposal_hash:c1d423b959d74d6bb423ad4e03329d9a9a6f9016803c3fb9baf0ec59825f683e:option:FAVOREVOLE:wallet:59C4gdQT5VFqZj8LTw5bt4CTzJkJpncujiG3xfngCzs8:timestamp:1774953939355,5eNx7mn6gnVBEmowinnw6MSJpjtGzH4bgW5nNbVPaDZUb1NDQdoLmSsLQzr8W1cvUw3JfLfJJ2e8DHV9EJnABbn8
EkmA2Bswj64tUzGaA1jkTuYXpakfbY6TfwC9FYjNKYHT,,GWynfVVVy7JipgmFb3h9UDZ6jE3t7NRquVCcnHbiYUmT,0.180000000,0.000000000,0.180000000,1774953954,Torrino DAO governance vote:proposal:airdrop_pista_2026-03-31.csv:proposal_hash:c1d423b959d74d6bb423ad4e03329d9a9a6f9016803c3fb9baf0ec59825f683e:option:FAVOREVOLE:wallet:EkmA2Bswj64tUzGaA1jkTuYXpakfbY6TfwC9FYjNKYHT:timestamp:1774953951305,4DnkkV1qjh68yzPbJQ1bP8Y6ZyHd6xkkz2jc1YBXtBvi9yij7kmkacrjNKnr8y5SWdsXhsY9bcNaCZHrhYa5nswa
7AsjAA6YPKQQmBgdb6CeSgP3cQMVq4TxUszguox7tQXE,H9QB3p21yasGjBxVvRRqfucsRWdc27idAxDypnYesdno,"DZE3WP6u8jmiDBAGtKdStRvrWGkZDzWBVxeU9LsgtG9J
2fvEbUVcQvhiXFN7hFTrRYaXHVcnScuMdTg551hQqKXE",0.371261261,0.000000000,0.371261261,1774953980,Torrino DAO governance vote:proposal:airdrop_pista_2026-03-31.csv:proposal_hash:c1d423b959d74d6bb423ad4e03329d9a9a6f9016803c3fb9baf0ec59825f683e:option:FAVOREVOLE:wallet:7AsjAA6YPKQQmBgdb6CeSgP3cQMVq4TxUszguox7tQXE:timestamp:1774953977185,2CCnZvkd3eX3iHtnU5v85eR7DY7jehZY3d5PhDLcouw4192w4VgBfYaHWWhjdkebw8h8iRNwJeMYJLfEHrhSbi68
fxPMERUYUUp9Fh1yQAXk6EEuKSFzjrQASnK3teQFzuJ,"CXCyXjLjpKZpFBHCH9B6QHkgEYwQ6H3WkUN26m5JzMW3
43EhahqCpweWweC1VunVSKSt6yG2sgXkYC5BrWLtNRpp
g1sQAJm7n8Rvc44bAM799HPfNYz8jH9YBP2z8JbPYEG","F1H7xxiqp7vSK8oZRP1H1U2GeNSFtnJgBSx1XB4VGPT6
Ac1uJHZEmbQjTbzxPXY5c2LQtnFqzZNidWYKKWzGdiXT",0.393783784,0.000000000,0.393783784,1774953982,Torrino DAO governance vote:proposal:airdrop_pista_2026-03-31.csv:proposal_hash:c1d423b959d74d6bb423ad4e03329d9a9a6f9016803c3fb9baf0ec59825f683e:option:FAVOREVOLE:wallet:fxPMERUYUUp9Fh1yQAXk6EEuKSFzjrQASnK3teQFzuJ:timestamp:1774953981512,tX7A49fu2uPoUgCxn8kUXLAZuBue1gzUL54jh3Nsbsu3hHYjpsMpzBozhidGJiat6suhcmBtUfYNpttVJnxyVaJ
4YZNKYvnsbCYvpjDaaXeXWqGMPsvX1JWrWnwre2SQ59t,GjPZ6Mrr3iQLDeZFWT6r3BCYsGx37VQQAAorL9nDeJ8Y,,0.011261261,0.000000000,0.011261261,1774953999,Torrino DAO governance vote:proposal:airdrop_pista_2026-03-31.csv:proposal_hash:c1d423b959d74d6bb423ad4e03329d9a9a6f9016803c3fb9baf0ec59825f683e:option:FAVOREVOLE:wallet:4YZNKYvnsbCYvpjDaaXeXWqGMPsvX1JWrWnwre2SQ59t:timestamp:1774953997372,2qkWkEjqWnPUiCwYTt4CL5iZErbqyKpX8bbPFtbN56VPJn4GYk5nQdiZwn7Qz1BuKFNdsVsQg7RG5FLFBWHXAYPn
FoaRh7h5Zk6QySxf1FuSmVNAt3uzQJVskKpn7zwHFvZc,BfCvbyN85kkZttW83r95Uxsv2Vxp9fmPGTP41j661wuC,GNHAxMteWs3PZr3MnEFf5fnd3SB1vTCGYDSxyEEpeQNk,0.191261261,0.000000000,0.191261261,1774954017,Torrino DAO governance vote:proposal:airdrop_pista_2026-03-31.csv:proposal_hash:c1d423b959d74d6bb423ad4e03329d9a9a6f9016803c3fb9baf0ec59825f683e:option:FAVOREVOLE:wallet:FoaRh7h5Zk6QySxf1FuSmVNAt3uzQJVskKpn7zwHFvZc:timestamp:1774954016240,1zPTeSfGB8t18cBmmvC48i2qnQAcNFw7uuawwE86prro3J6ncGHcTnfHMugnY8ee5NRermH3Df4Tvhar19Jf59f
5C7wiRhLu6Mtux9uuK4QRmAvoWNuZf86kiJfCmEL2ZyV,"EqRju8VYoShUPWAnVTZWiavaYwcE2j6gijiZd6trLQoG
CRWqr2EWhHcHHNRkzcpEeJNx3YCDGyfPXGfKLAyhGPJn
MFTEu7Qds8XoQz7mSt6faUZeVKjhb6zTFocMDYdkXjq",,0.033783784,0.000000000,0.033783784,1774954025,Torrino DAO governance vote:proposal:airdrop_pista_2026-03-31.csv:proposal_hash:c1d423b959d74d6bb423ad4e03329d9a9a6f9016803c3fb9baf0ec59825f683e:option:FAVOREVOLE:wallet:5C7wiRhLu6Mtux9uuK4QRmAvoWNuZf86kiJfCmEL2ZyV:timestamp:1774954023286,52UqMV7QVtSXPgRKNYdvKToMZRkFNb8JFiCbCfQNaSq9VkcLP1dJTjUmk3Gu2wQ1XrXXrGPAJSxQFeCtrXZRUWrb
2YSLfhZejPKXYCqZF1ius5kDVkcztKBQGYUR4EhiVm8A,FSTCc3kjyxoSScQBQnCgpek9ndGfaHmXFJrQpn98UNE1,,0.011261261,0.000000000,0.011261261,1774954029,Torrino DAO governance vote:proposal:airdrop_pista_2026-03-31.csv:proposal_hash:c1d423b959d74d6bb423ad4e03329d9a9a6f9016803c3fb9baf0ec59825f683e:option:FAVOREVOLE:wallet:2YSLfhZejPKXYCqZF1ius5kDVkcztKBQGYUR4EhiVm8A:timestamp:1774954028438,4a6PLhF7UaLsgeY6xRJoE752hMitKjqqandTTXpzLmvixWVuSxTyWWyZPcHDSyr8c4vA3YiwGK1CfZ56dywuUSBG
7baewnU5GmTrGEVXt8NSWwyP2jTmjnrpRZAvvuyUJFMY,"9PSKTMJ5tZBHn3rb7vQbxaEtUiE8YZvtdJYQLDes1LJ8
7Gpu4VEJdqd1UGJARob7pPCYgPBDro6eHa3qcMZHMwSf
3FoTBK3VgamSQWCPogvfzC4zVCDoC6MRiADE6Cn9wAWm",,0.033783784,0.000000000,0.033783784,1774954034,Torrino DAO governance vote:proposal:airdrop_pista_2026-03-31.csv:proposal_hash:c1d423b959d74d6bb423ad4e03329d9a9a6f9016803c3fb9baf0ec59825f683e:option:FAVOREVOLE:wallet:7baewnU5GmTrGEVXt8NSWwyP2jTmjnrpRZAvvuyUJFMY:timestamp:1774954032868,YMgtYWtomLbztSGN68iAuc45qVU6bgbBiCLfyaXLoHJvXtgQjFNvV47FUcKaYmtrGHyPCzMhdKskGSBUb6VvuxS
5yay41FtBV4j54sha3SQXLftdGBqkkzUXqVXaDWavBWv,GEcx7w9zXKvaPFJmqgiGZ19oxtdydky2hzdd67A76Rv4,,0.011261261,0.000000000,0.011261261,1774954043,Torrino DAO governance vote:proposal:airdrop_pista_2026-03-31.csv:proposal_hash:c1d423b959d74d6bb423ad4e03329d9a9a6f9016803c3fb9baf0ec59825f683e:option:FAVOREVOLE:wallet:5yay41FtBV4j54sha3SQXLftdGBqkkzUXqVXaDWavBWv:timestamp:1774954041153,oAriA6t1y8rMtePi164j7heS4ZM6nKqRt6dCZuY4w6xzyt9vStCZiESU8G7hNBE7yybrCyHZ8RiFGxzJwP9FWaF
5JLUCo2WJtgrUXmGXoXVm6a2L6RJzVz5rnn91kcLQfjg,3K573Qgp6Nd1n5u2BNPM4Zef5RjL8U7dXAA6s4nW1X1V,6Fa9xE37ueHU3iB55a5dmKnQVgXaWGRXqGCh2XYaRn6v,0.191261261,0.000000000,0.191261261,1774954309,Torrino DAO governance vote:proposal:airdrop_pista_2026-03-31.csv:proposal_hash:c1d423b959d74d6bb423ad4e03329d9a9a6f9016803c3fb9baf0ec59825f683e:option:FAVOREVOLE:wallet:5JLUCo2WJtgrUXmGXoXVm6a2L6RJzVz5rnn91kcLQfjg:timestamp:1774954307358,4QJwj23TsEi68nEkojrAXiYxcrH2LxXrEfL1va2NBMjQSzRDiNXrKjdnsmDF3ZtZQKYjThJzTNgNrkKpqa654RCB
8uFZD6umQoEokqpWWvomBUHrUQTpEiy9qbTApPEGdhyN,,"2XLw7ri47Ao36rjNFBYdCsvReDYAeTGv6XHDWHEZhFxy
1frGGr6ucpKrh2kWgyMzDGsuhyxGctnTg7CybFm6Lj9",0.360000000,0.000000000,0.360000000,1774954641,Torrino DAO governance vote:proposal:airdrop_pista_2026-03-31.csv:proposal_hash:c1d423b959d74d6bb423ad4e03329d9a9a6f9016803c3fb9baf0ec59825f683e:option:FAVOREVOLE:wallet:8uFZD6umQoEokqpWWvomBUHrUQTpEiy9qbTApPEGdhyN:timestamp:1774954639971,5UNSDkBeTYYUESHm3aKfeMhTYXrsutyi8EVyHhYqaQep99Pm9DC7ttccpHUbZuZcFN2bx6yvNqZFTtjpgMSWe12N
9TWZjGgXqrwfVqoJesW6N1o3n1jPYNZedAwXHxy1vhQj,7JR8ZYaAiHtTNs15GkyeoJxHNf4YMEFFZf2ziybJYTJo,BygXNhcspjwa2vq9z74a1q7N7TMJUwTvPWN1T22JbLpM,0.191261261,0.000000000,0.191261261,1774955213,Torrino DAO governance vote:proposal:airdrop_pista_2026-03-31.csv:proposal_hash:c1d423b959d74d6bb423ad4e03329d9a9a6f9016803c3fb9baf0ec59825f683e:option:FAVOREVOLE:wallet:9TWZjGgXqrwfVqoJesW6N1o3n1jPYNZedAwXHxy1vhQj:timestamp:1774955211308,5nDaFsS3x58iuP13it2iDoAAn8cbtLhrndrSUUn9ghE7kBaEpoh2SXixycZ9PwDdvQqRg8jsgG3fScK3AzRGjeez
G96N2wBxQvV9bUeexftoTFaHbSs3xtmperXGmANyx4k6,"GpsgoRgPYiX1dJFKRZqu32wBcxV7wNESU5qWYWdcxqc9
GS3jan5YhbeJTKKKP65wpk6zCkE9uS1XRDuVZj7wFP6N",3VA9v4CEkrhgmhv188Td5asUQhEiHaUPuLERo9Am3FCf,0.202522523,0.000000000,0.202522523,1774955262,Torrino DAO governance vote:proposal:airdrop_pista_2026-03-31.csv:proposal_hash:c1d423b959d74d6bb423ad4e03329d9a9a6f9016803c3fb9baf0ec59825f683e:option:FAVOREVOLE:wallet:G96N2wBxQvV9bUeexftoTFaHbSs3xtmperXGmANyx4k6:timestamp:1774955245617,4MjmJrfhvzwJDGWZvEqAVMXmfeNetz7ai2QnuTzYTouP7DfLvpbnLJ9SPyzy28tWnEQbbscjwgz1gykqBD1M8WCP
7XiPM9E1zKfNK4KYUjUW52ksoWSgxS11QoXsDAEmygBu,Csn3dq3ow5JzM2ycLCUV2LcX9Ju9aoULk4g1QN7FRdwt,,0.011261261,0.000000000,0.011261261,1774955390,Torrino DAO governance vote:proposal:airdrop_pista_2026-03-31.csv:proposal_hash:c1d423b959d74d6bb423ad4e03329d9a9a6f9016803c3fb9baf0ec59825f683e:option:FAVOREVOLE:wallet:7XiPM9E1zKfNK4KYUjUW52ksoWSgxS11QoXsDAEmygBu:timestamp:1774955378512,2x5bFHpT1CTYqobpYMTZWyf6DgQfo7HWmFK1K1amgpSZkrjgrEcw2DbK64DV9L9FzchK8gmvWqr2NVtc8fuZP8h5
85jTBVsk8sDA35LocJdTh41EN2Eep59RQ1jUw9EExsCw,22nYjuJhonLHSnLaZzoCFuJoEPr2Sh2TUEeLDXBgAZ39,DmBFZuqmb6TvSrbm8b3vbwwpddpBcU5PNefwfrNcBpjv,0.191261261,0.000000000,0.191261261,1774955445,Torrino DAO governance vote:proposal:airdrop_pista_2026-03-31.csv:proposal_hash:c1d423b959d74d6bb423ad4e03329d9a9a6f9016803c3fb9baf0ec59825f683e:option:FAVOREVOLE:wallet:85jTBVsk8sDA35LocJdTh41EN2Eep59RQ1jUw9EExsCw:timestamp:1774955443449,24phTu5Jo6gnq2eSzpu51eX8ePkurUm5n8scTptyfBJ8xKQ29D7eKfrN2WLDRaTsaZhgKjVi15YWoWtAwGK4MaTv
36y4VNhivhUiQUCQcU457Tm23GPsuwQqooyQhJoGdYYK,Gszk2nArktZvvPB8jCoYSM6N2QBCEBoh4755JopUBntX,,0.000000000,0.011261261,0.011261261,1774955499,Torrino DAO governance vote:proposal:airdrop_pista_2026-03-31.csv:proposal_hash:c1d423b959d74d6bb423ad4e03329d9a9a6f9016803c3fb9baf0ec59825f683e:option:CONTRARIO:wallet:36y4VNhivhUiQUCQcU457Tm23GPsuwQqooyQhJoGdYYK:timestamp:1774955481489,3ozS9GdYrorMpPLh8ch3PH6dGKQuYEkeAnviMJSA3QwttqdAMbcFZQ5nG4SaEZ41ekWPH8M5XJyin4D7ws3EY2Bx
5E2FtamrcpRhxbvAubWiqy4hutTFa7t4BcV7QAXQfUgB,"HPigrUvuyLmfcNSyWBH34a61vFH39Rt9h35wTHpSPqU8
E6cLvw4uVTtq9BCVHvZWTr3mnKchk7HThKXvgmSYj78o
DVc67uCNSYYPoTWqiZYpVFrBdhiqCu88f6K1NGnH8ok3
B7kTjanfzjLWGsU4bhiYo8vPtBtpScYmPQ4iyycep6Xv
AiukP2QieFDnbdsBxNi1ZJicnA1ib8itjWKrv9SoGSAx
91iKTN4ZjfjNLopBtKhXd96HM5F88H3HDbG9dPW2eSUT
4tsMzuCgtAQkq75ELp6YrmgNGT7ZbBLWviEW5ew8Q22x
oNnAw3PgJL5QGLvAAdYnQroYBkrwREaNdNxPLTjxeut",FwkHa96frGywfHBmHjeS6AWGfyajRuYcuB1xZQY1LDqx,0.270090090,0.000000000,0.270090090,1774955586,Torrino DAO governance vote:proposal:airdrop_pista_2026-03-31.csv:proposal_hash:c1d423b959d74d6bb423ad4e03329d9a9a6f9016803c3fb9baf0ec59825f683e:option:FAVOREVOLE:wallet:5E2FtamrcpRhxbvAubWiqy4hutTFa7t4BcV7QAXQfUgB:timestamp:1774955584823,Dvr8bMCpcnDEsDmeBg5VNXeQMLzKyJKxEiJ6Ds5k86P4dgDNe19EZsnzyr4Zs8RLmFKSRDAti8vMgBut7iYHXk5
Da27wk56okQLQiPdvP4uMaAVHcJQ1xZdCyzivzRJxRDn,CeqBujk48myZEUSarv9uPNhqe1sjdfQ2Y6EPr6P3Sauw,,0.011261261,0.000000000,0.011261261,1774955631,Torrino DAO governance vote:proposal:airdrop_pista_2026-03-31.csv:proposal_hash:c1d423b959d74d6bb423ad4e03329d9a9a6f9016803c3fb9baf0ec59825f683e:option:FAVOREVOLE:wallet:Da27wk56okQLQiPdvP4uMaAVHcJQ1xZdCyzivzRJxRDn:timestamp:1774955629324,3i7rQmS5MtFjxxNZLTRRnA85smbv8na299navUnLF86H9GMiQUHv3wcS8FkMqDetRPCZpWJqAk5GExeATwRM6pq6
9X9cdhnAYe95t5wiaKbpSz4AAfZKUrEsDe42Z25AFwZE,,9G476Z7AyJHjnyDdPxQNTzdyXxWv3cLkC61MzyrswTe4,0.180000000,0.000000000,0.180000000,1774956208,Torrino DAO governance vote:proposal:airdrop_pista_2026-03-31.csv:proposal_hash:c1d423b959d74d6bb423ad4e03329d9a9a6f9016803c3fb9baf0ec59825f683e:option:FAVOREVOLE:wallet:9X9cdhnAYe95t5wiaKbpSz4AAfZKUrEsDe42Z25AFwZE:timestamp:1774956192874,2MNxnrWH9uKweR5uhEX6uSYxi8cmYmhxhj1sGK9w4pjetX1FPSDNtCKmKcXenCfbK6bTT9ujHJ5d8nBF582d4a6r
GJ6HW7KGSbHsBeCkQwdPibsEc4YVg7W5hcd3wURwJLum,7qfeXfoXiXfPGhQScyMdCbdms8jk97KT2jwvhNU4rs8g,,0.011261261,0.000000000,0.011261261,1774956238,Torrino DAO governance vote:proposal:airdrop_pista_2026-03-31.csv:proposal_hash:c1d423b959d74d6bb423ad4e03329d9a9a6f9016803c3fb9baf0ec59825f683e:option:FAVOREVOLE:wallet:GJ6HW7KGSbHsBeCkQwdPibsEc4YVg7W5hcd3wURwJLum:timestamp:1774956234957,5YJnEdWokBBqwRrL3QVZYyHY6icTFKEzuzzaT1o4HosjMUybiF7PR89v8mEsbLmditLd129WJumbhL8WUjQxEeXv
3Ws4SVD2CtwGVAwKziSZWmaVnbqUhy4HPkDp9e8rz3XZ,,"HmKmMcGEP23mSWdNdbR14kWMLqHvPQjhMXkS7bugaqzN
HTVsGAxp2iMAsgzMcvovmvpZxVsMmz5ERMDchKngFKtX
C3SLetZhDsbHFHjQNUnjtZgSwWXQWU3rWzh3VmbfHoxp",0.540000000,0.000000000,0.540000000,1774956796,Torrino DAO governance vote:proposal:airdrop_pista_2026-03-31.csv:proposal_hash:c1d423b959d74d6bb423ad4e03329d9a9a6f9016803c3fb9baf0ec59825f683e:option:FAVOREVOLE:wallet:3Ws4SVD2CtwGVAwKziSZWmaVnbqUhy4HPkDp9e8rz3XZ:timestamp:1774956792637,46cECgycbuqsxBFye7bUp3awRQmUNbChyYDZTycwfJRa8uDxcHh8K6A75ZxgD77YRjZKF6VQu5QYtaff4v3u6Uvt
CiVp6EP6Wk595nPmBFphbzZdi3x4cHE3Vc16SCWkDQZN,"HjrDPku5MgLvdgeEDoqjrqCY4XBFF9GPh5h7SkPahVDu
G5Fb1RUY6b9Me5tVdJb97R9UySpCBqhPszbj5FhsFkZa
G2rYcCHtCEvQhUbR7wY38FdDLi5MQotUwT4imJVpaf5G
EeB7afxNKojzUxQTgTEZCTqYTnqNd3ic8ANQQPiwxGMe
CNMC3Vo2ALrA7iaKbvsZWDMeMSK1NPD33DTYzqxnKmnh
9XUD1GvDR3S4iqK6hJWwg8qrvgz6PwoNVWc9YU7aJ3ax
7utoNDLauzQPwnC2ibEnZkkp5f9FEbkmvA7xqTm8uqGE
49KTvGWQD4XumFBomrtWYY7BxA8yhZ1JQawKZad8jyo3
2zS3b9Y3WkBuS1Kh37yBoxJyiuxpXV2B4p5XDz3LrT3V","BMf76ZRFdkk3pYVL1h3AapyD2odWv16X9NKR9T66bXQM
BB4qyn1kpD9rP32nJjCMsQuJj3AqAaS26czHFYL4dZ4V
6wtkA4LMQ5dYoGbZt1vgFdTXSqWoRPccdMQasD8sJxz7
6pByNt3B7cwePhH57j63DWpwwMEXKqY8wZdkbc9zhGn2
3oNR2YSJZLbhfLKfWcAkkkV1h6FaXUKmjbZPv8JB9fxB",1.001351351,0.000000000,1.001351351,1774957844,Torrino DAO governance vote:proposal:airdrop_pista_2026-03-31.csv:proposal_hash:c1d423b959d74d6bb423ad4e03329d9a9a6f9016803c3fb9baf0ec59825f683e:option:FAVOREVOLE:wallet:CiVp6EP6Wk595nPmBFphbzZdi3x4cHE3Vc16SCWkDQZN:timestamp:1774957834072,2F487UcTod1Uqw2sEA71Sxo7oHSZMVCcmjRNfroLsQDUtjjGT3YhsVNiCtJehad1eiUXK4GndjGw5TigyCtaAQfL
BYeUDS1WVVkNEs4AjQfkUFKj6KdcwC7Zfxs2fJG2uZiK,3DWeJ3WmrgvauSJfcRCkXLSEU6X6t7BEj4HabCHVaHtU,,0.011261261,0.000000000,0.011261261,1774957905,Torrino DAO governance vote:proposal:airdrop_pista_2026-03-31.csv:proposal_hash:c1d423b959d74d6bb423ad4e03329d9a9a6f9016803c3fb9baf0ec59825f683e:option:FAVOREVOLE:wallet:BYeUDS1WVVkNEs4AjQfkUFKj6KdcwC7Zfxs2fJG2uZiK:timestamp:1774957903376,4LsCeFgg71dngwKPbUDixzTFYCwM6GVKL2qcKrgpSMMEXcKZa7x3GuLahXaMicVbxQGskuge3UNdg6d1qZQFsuxq
BWpfdih6BGgsfgHHt7FcbmHW9GhJ9XJNfjZTiwEEoZ8L,HEc4SDKG7CfeQNNXxN12mq3ftQzybagUYo9Y2LYcr6Za,,0.011261261,0.000000000,0.011261261,1774957958,Torrino DAO governance vote:proposal:airdrop_pista_2026-03-31.csv:proposal_hash:c1d423b959d74d6bb423ad4e03329d9a9a6f9016803c3fb9baf0ec59825f683e:option:FAVOREVOLE:wallet:BWpfdih6BGgsfgHHt7FcbmHW9GhJ9XJNfjZTiwEEoZ8L:timestamp:1774957953903,44wsLVYNfiJkj5f1frGurJMnA2oehMiaLyRKkVqgJ3GhaanYhCCeH8ZccCCXYKdeK6FwCoqQ7Hm4dtqetJ9HmKJ5
3Djwa3yvVHwMzEXonCzobUqvRx7k9RwKss48ATYTwbVS,CQiHG5cNm47UboTjpp2Kqjvb33GjzDHhvktB9uSuYqy1,"HvXLEuk8zPRS2TEvHBFrmLLGpwEyRyLek3FnNd213wBJ
HJZrafJJDdMV6qVAkgj7FmLAi74PSe5gh9fL9kect3es
CnUkEYfkURizbQa993EoK3Y9K5rk8xSbJyRvHdj14RCf
BMtAKXPxa2Zcp3G8tG45R3nrVo6uW7GemKRJLwiSw4xX
5jqqRAuP6KcrZPji2Tyazk4CiUFktBewfMcHntrsVENQ",0.911261261,0.000000000,0.911261261,1774958126,Torrino DAO governance vote:proposal:airdrop_pista_2026-03-31.csv:proposal_hash:c1d423b959d74d6bb423ad4e03329d9a9a6f9016803c3fb9baf0ec59825f683e:option:FAVOREVOLE:wallet:3Djwa3yvVHwMzEXonCzobUqvRx7k9RwKss48ATYTwbVS:timestamp:1774958118378,3dpDN3u1aPAoJiiCUfKP6k3DECf5fgaQL3kvhqTLuoS2WXT6pkTCEE8z3PNDGNjJ5dENGJ1jW1m2vyCjq4akNN4J
G3Lr6W2dXExY5bDVBKoNkwZ2RvtoRB7eRyMFimmjBH3K,"H1XSTsRMD9HDLNwUGjLVGexTmQoR2QkpHPTZwZNbdoKV
Gpj816DU1Fn5QdcxEodN6R1EJkJMQPGqC1jS8jHA2tUd
DarYPYNA9GqzDqCAHRg19nFM85Eek7e79GmKbKDz8GNm
DQYS1tzPv8EQU1uv5h8NB9W7a12f68ESMdmK3866norw
D9Fn36w6uaDy3yBkMjsdqtVktVmXe69NC4Z1VaMpK1ni
Bc4R34QvxSGExHQCujLUQiVQ5o4Txg7V8LBFS19uahee
BT9z8dMGZigtDWytc2DbWDP21Fq4ZpTxSwtyn35akmU4
25bSREQQ2AQ6vzTkYq62mHKH7VVGXTg3wLjEtFJ7bWEd","HifPZtsHQvYMb9E49kG7o8E1UeiWdx7R9dFALtBYZPqR
EguSsbfeeyeZCQug5ECwWyt5tQt1sTgrWpGVHJFxpkxy
Ywf1mo4KvGn3SNEzsGnpdBofauKgWkWpjphmJzxiHhn",0.630090090,0.000000000,0.630090090,1774958161,Torrino DAO governance vote:proposal:airdrop_pista_2026-03-31.csv:proposal_hash:c1d423b959d74d6bb423ad4e03329d9a9a6f9016803c3fb9baf0ec59825f683e:option:FAVOREVOLE:wallet:G3Lr6W2dXExY5bDVBKoNkwZ2RvtoRB7eRyMFimmjBH3K:timestamp:1774958156408,sQEpLpmaZai89CsyVChtjYn8XdMBTZWLphq1mEptrbmnrGo1xBBqyQK1TnBDnQ26ZB5UaLh9RP87eiYdRGnTyq1
3HnXg3W6gZTKscWmiEV6WiRkTZxHcgAY4LPaA8BN5TMV,E49EW9o1ex7qQDDYB9FJaubVsR1snCGSp1zoxkZwwC8v,3Mf6GMiEfrdwvFefEc5rPWqGgPnQ64eYTNBNdAnt8eHp,0.191261261,0.000000000,0.191261261,1774958504,Torrino DAO governance vote:proposal:airdrop_pista_2026-03-31.csv:proposal_hash:c1d423b959d74d6bb423ad4e03329d9a9a6f9016803c3fb9baf0ec59825f683e:option:FAVOREVOLE:wallet:3HnXg3W6gZTKscWmiEV6WiRkTZxHcgAY4LPaA8BN5TMV:timestamp:1774958501551,5WJ5uy1s6Lv6kfvY8HmNqzvoAAyTAbFoV2hM68dpC8wtVFqaQai6472YJ26EqVVHr6WtFSg1C5DTtrN73XuuL5Kd
2niWLydKSQMh4H5yiXxgvT7qYGQNUnu88EtiCw9EtH4G,"ETEd6BZE4SbCXSx1TL8fYyVdzfwHt2EtCpgo3drhxsut
CCTfvdkDWVnEU4rbZMy37D5C8gsQoc9eWrG4P4t6z5yC
B7mq92kMZDPUBc7ZsyRWtnAwm2zaZL5XEF2PCgNYfNsr
73ggRCPJR9nzT9URjwKnUKWofv7HyT3BDYnKDmq66jPV
57Mv5QW6sHiUPdy6AE9vSBd3zVdYg45qh7Xk1eSJWkNg
3P69YNN2K5jgkQPSXCno6UVoFfFG4Aa3KNSmXVZqHq8C",5HJqHMvL2fEfcrF91ud5uN6cE5tyrRXnUNDyJgT3tMWd,0.247567568,0.000000000,0.247567568,1774958822,Torrino DAO governance vote:proposal:airdrop_pista_2026-03-31.csv:proposal_hash:c1d423b959d74d6bb423ad4e03329d9a9a6f9016803c3fb9baf0ec59825f683e:option:FAVOREVOLE:wallet:2niWLydKSQMh4H5yiXxgvT7qYGQNUnu88EtiCw9EtH4G:timestamp:1774958799979,22HmBGBCC23g4iutJBHZ9poBJ3sgXkpchxcwtK79edmUMsCjtoiYUTG4YFw7EaDHKT3ad1We6ECKyPYsYp745hoh
92psv1uQMZuJbhB25BLzC2E7sGm43Ug4xvTAJkJeXtYW,BanVMbYVRbfoeg4LfnmAeonfyRVRwse81Mcsm594qz3n,3pAPDk8pYsDqrKYqagPmvNr1hS69xYucf67y8sXnxETS,0.191261261,0.000000000,0.191261261,1774959049,Torrino DAO governance vote:proposal:airdrop_pista_2026-03-31.csv:proposal_hash:c1d423b959d74d6bb423ad4e03329d9a9a6f9016803c3fb9baf0ec59825f683e:option:FAVOREVOLE:wallet:92psv1uQMZuJbhB25BLzC2E7sGm43Ug4xvTAJkJeXtYW:timestamp:1774959039247,23w5e4DTXoWj49U2Eh841AH93rm9ezd5wn4kUK7qbXPzwDoNNSp6cmcfNWGkXNFnoJaRcnKhxa4nQb4y5cVVA3Fo
8Y5t4LR2XWvkywVfpXxkymabK9qvZJeZPHJ1CB4zwcr6,DcybmDk8gJgXzytcat3uMUFk1bfyWUrs25KCyyrUmPeK,ByVx5fGdFQsxpqop6wKQbWkJsCk8AuW1qRjMN2koUhSb,0.191261261,0.000000000,0.191261261,1774960796,Torrino DAO governance vote:proposal:airdrop_pista_2026-03-31.csv:proposal_hash:c1d423b959d74d6bb423ad4e03329d9a9a6f9016803c3fb9baf0ec59825f683e:option:FAVOREVOLE:wallet:8Y5t4LR2XWvkywVfpXxkymabK9qvZJeZPHJ1CB4zwcr6:timestamp:1774960794575,3i7e4dn61X879HxhDzrq4Q6CYKaNRzAvPhDNKF2CwuR9p6NWkGDHqDxAquXjpkdtYEBcCmGhttEJiRxk88NJNjBV
521dAsj7fpgFHrZX6speo3NSBC1jppCohNc5KDJUpF9t,"HQEfJDeF6ztcCAT8eLhtSCwJwW45QKqG4weXkC6ebNVN
BAeNiG591j414JPjCRFdAXqanxU9Ai315nXU4HVJqwhX
79GvakAAmL8h7eWDDHaS4TDz1f27MkNcWYnrzTT39LMp",,0.000000000,0.033783784,0.033783784,1774960974,Torrino DAO governance vote:proposal:airdrop_pista_2026-03-31.csv:proposal_hash:c1d423b959d74d6bb423ad4e03329d9a9a6f9016803c3fb9baf0ec59825f683e:option:CONTRARIO:wallet:521dAsj7fpgFHrZX6speo3NSBC1jppCohNc5KDJUpF9t:timestamp:1774960971800,V1UEpba5DRxoN83GYsZcmWwu8W6Qfc61hhKYCTiXoW8cUwobKiWAoJBsAdgQuGuSJjh2Jc5UfqHzh91J3htdaRV
qKkFK4n5AEGk1GG2NXVsxxNT9ntGWMq2EEGNKjQeW7h,8carPoqupwQuXt5gmpaDr3voM6UfiJDy9bBtuQ66UTzJ,7hvGms3rRvoRkbFx5CBnS6VLXSLuzu2VFn4RzW3wpSjm,0.191261261,0.000000000,0.191261261,1774961033,Torrino DAO governance vote:proposal:airdrop_pista_2026-03-31.csv:proposal_hash:c1d423b959d74d6bb423ad4e03329d9a9a6f9016803c3fb9baf0ec59825f683e:option:FAVOREVOLE:wallet:qKkFK4n5AEGk1GG2NXVsxxNT9ntGWMq2EEGNKjQeW7h:timestamp:1774961027483,GewiQqiz8diUTXx7MuGoNSW3DVvJHTpYUP4EZNEWfjCynouUhkT1TtiTtN5AnxashsRHVLDLhRmhxYKP2Z3BeXX
ABeMAwR4qTPV2Deczu4QfmNxhCcpqAyjQbT9DK67hGyD,"FMXEtNWA68EjM7Hib8FeSRERxx1h5sciQahCTB3cjUso
C7rcaXej8SdeWTaqjDFTaK4e9pkf6JiSam81WdmaYcFE
12FnDj4TDrdcFstv9TmpvqL586RwHRQc82V7qjY15i1U",ATfM5oKCDUdyCigyzPozUZq6LthURBJJb7cbPzYEh7pj,0.000000000,0.213783784,0.213783784,1774961034,Torrino DAO governance vote:proposal:airdrop_pista_2026-03-31.csv:proposal_hash:c1d423b959d74d6bb423ad4e03329d9a9a6f9016803c3fb9baf0ec59825f683e:option:CONTRARIO:wallet:ABeMAwR4qTPV2Deczu4QfmNxhCcpqAyjQbT9DK67hGyD:timestamp:1774961027821,4yRoLH9YgZFpd2oyn513EbXfY8Kx4i98KZfmmd1TVTdosMUohoj2akBNZkDgwVHBcsQgoSm4VRjtqd6q7maFrJGF
9h5rHoBeWJNLJxVLzdAYcwWLBaV14YvrYjxNJqzoahW8,"Eafwj8t5QpwCPJGGB4YSPETpo9rDSajrsz2zUsTUYfyR
DR8KVRvxcKC9kcTwsByYmwsyikGBvTqcnmMUDgpPXca3
5xMjXq7iaicfcZxscn1asZWy61f5MfCV4sN39qBwtKvJ","Hknx12RLoYc9bv2gvkiYyxpjL47diRmvhjE5WtDDuC3p
H3W95cjVLCPZ7KrwHUSNncjMcEqQFnUwWE5VYKHqL2ic
36UiHGn3QukWzoSHkBNAseYV38d92UbqhGVrxLky1nw6",0.573783784,0.000000000,0.573783784,1774962529,Torrino DAO governance vote:proposal:airdrop_pista_2026-03-31.csv:proposal_hash:c1d423b959d74d6bb423ad4e03329d9a9a6f9016803c3fb9baf0ec59825f683e:option:FAVOREVOLE:wallet:9h5rHoBeWJNLJxVLzdAYcwWLBaV14YvrYjxNJqzoahW8:timestamp:1774962524196,2m875pntEfPVczTCwj7HHpdZJzZx6ouMFbxj9c9g9ptrwHrLX5spqcqdejTbyM2TfEm2rzcNmJPDt5LQ2hHQRgJ1
7x4QV6jathAyYpam28Vi9hypifcrD1bwiSCNVkrYmUyf,2V2aeFmJn9xBYcTiHMDaziTPYFy6x4gychuLjLZcAG6a,7PvFsCvViFRf5oekwiBFf8bCdFqrS64qrdt4WwSLp8qH,0.191261261,0.000000000,0.191261261,1774963275,Torrino DAO governance vote:proposal:airdrop_pista_2026-03-31.csv:proposal_hash:c1d423b959d74d6bb423ad4e03329d9a9a6f9016803c3fb9baf0ec59825f683e:option:FAVOREVOLE:wallet:7x4QV6jathAyYpam28Vi9hypifcrD1bwiSCNVkrYmUyf:timestamp:1774963266376,2YX3Hho5f7faoGGjmAwses1HdVYig8TQTKdLqLXmX9xkxDSJrUa8MEcAXd4wdw2T5Dp6ZWLZpCKBWvPqwfoTgiB6
4UQ2ERKrBxPCjr8Q6x9in4SACxHxCkGYXvFRYFLXTuXa,"HGremmXbcnLARiQaUFxc2qUNhTHLduunkE6YhVB1UXK6
EoMcvZaGjBjYqYVf5Vt7KnEU4SCc5UXJw91V9QoivRPK
DgLN1f4NF8TAoDPwGp75gZime4PREXTE46stcwRxynGH
C8GPvixTBQY9SH4apDUQVBWTkgsRrXbfYstbzCHVKEru
3cSDo8j9bEqYmwQSDfbKEoZCXJKM4j3dyQTSZpbQcJJb
Qpx3BEDGcStRecFpAtsDrjQcuPdNw2gZn2NymRfQGt4","Gem5BCeAbLVYB1BZ6AeaSRg7Z7QHKkbL9cAjDve74By1
9CJfpxrLWhUAbvA2aKXyL1cfntKbTFpE74GD8aaDa91m",0.427567568,0.000000000,0.427567568,1774964386,Torrino DAO governance vote:proposal:airdrop_pista_2026-03-31.csv:proposal_hash:c1d423b959d74d6bb423ad4e03329d9a9a6f9016803c3fb9baf0ec59825f683e:option:FAVOREVOLE:wallet:4UQ2ERKrBxPCjr8Q6x9in4SACxHxCkGYXvFRYFLXTuXa:timestamp:1774964382667,4VpYjBhcHY21misrhh7bRoJ3mYxwdyYheE8oUq7BShsEBavqCoQLp9KcSeJNJrRbVy5wnAE5DEoD4hBMu8ajS53R
GXerAK7bX5WaeBW7PWqJ7LAqz5ynaZE1YYNgWNXbgkUv,48p8zAM53mxcHgt56nZuD5SerCH8vvZEJqYVuxc2tzLW,,0.000000000,0.011261261,0.011261261,1774964560,Torrino DAO governance vote:proposal:airdrop_pista_2026-03-31.csv:proposal_hash:c1d423b959d74d6bb423ad4e03329d9a9a6f9016803c3fb9baf0ec59825f683e:option:CONTRARIO:wallet:GXerAK7bX5WaeBW7PWqJ7LAqz5ynaZE1YYNgWNXbgkUv:timestamp:1774964556819,CMZAo67xQJzohbkywis5XcKKiVVnbiosYU5wewt9yooZmmV7y4qPhvBMYd5Mp3gNgNC7uZ4gYmJLjqWS7gCsFhe
33hfSk3DwEidw7TyGS7FsuQq8GqrX3gz4bmsCquE1dJ7,"HV763GY9WibQg3KjLP8g8jTytvH9Xesh4U2ptYas5zL8
DHDCTpYZQRsVDCLkfHJ53xoY9AJ5PPnRdz1rTUrPnWJk
81FtVH6yCbDefBoGJwQ8cQ5BC3tcwppYwhpUF9T2WQSy
3k85ijfJHnKK8woek8gig4KkrcDWAFiFVewMBoVEYbmr",5fb3LGuLh4xjJciQS51hW8PJoTpWYQM4R6AA6mdCVFvf,0.225045045,0.000000000,0.225045045,1774967555,Torrino DAO governance vote:proposal:airdrop_pista_2026-03-31.csv:proposal_hash:c1d423b959d74d6bb423ad4e03329d9a9a6f9016803c3fb9baf0ec59825f683e:option:FAVOREVOLE:wallet:33hfSk3DwEidw7TyGS7FsuQq8GqrX3gz4bmsCquE1dJ7:timestamp:1774967544445,28JRDS2H5UxbeiiQHwGi7Hn12bbvWB6qVRFS1KovoBHN68yGTpNdW8yZBB278Znz22saerAkXYJ5At7yUfyXPUkf
3UDFTw9CdN7JwoKPQnK32Q7Lihgn3A7exzTmKWd8XFQC,"FoCGG8Any6s4zXE1Z5vbKqtn9CBPLRYijt2VyLLqVjhj
Bs2NTTSxMLCYLPdTWcotipHXAoVxuhQmw7gM2UR988Am
AJrBdoo5LcRRwQStuAUjTzsWQEDBuJcz3H6oYJ5vyZrz
AEjprhPVR6rXgK7Ud4a6kq6UuS7boHUmiNq4woMPzudp
6BFeBq8a9FL1aCERbJjHhYzneTsfBb1FE4YdZR5Ynujt
5RH7NPB7CVJ6q1jZwBrjVUnkFgxrVavHNK8tuyehHKpS
4xGbEwMDdtNBMb3gMtT2RJCtVFpPA98Y1vt6egbzJ6UL
3uYRmhJAuugb1b4D2edRhDY5JSBnGSmpJqTgFYR6H9x7","CgJa8WNHDrUW3dje3aGuZtE2upKY6LAp4W3dBucMsNeB
CArDY6jBkQBEaCd3bHQoa52XkxrbL9fMZzEiDfd28ggj
8YXRNjCk7CMLUDKqh16Ck5mUHHuLyrhLSbooHkMCoJ3Z
6k4HQL2QKQ2TwnxH86osqz2zY41vRSZ8rq9HZccEAymU
rQERjx2i4BmSqpQnh66hXXRDhhLWFqS8Who25B7BiCr",0.990090090,0.000000000,0.990090090,1774967898,Torrino DAO governance vote:proposal:airdrop_pista_2026-03-31.csv:proposal_hash:c1d423b959d74d6bb423ad4e03329d9a9a6f9016803c3fb9baf0ec59825f683e:option:FAVOREVOLE:wallet:3UDFTw9CdN7JwoKPQnK32Q7Lihgn3A7exzTmKWd8XFQC:timestamp:1774967792085,5e3u3auUnqzyxnkRVCKxHi5UFKvUj9msV2KtAZoTgHU2ZHNfrcWYJbASB1KS27rFws9J3F1xxxg7GReAaxwtdPvb
2xwx7bSK2VY1o8vyu4jkyLXhBeEKnR3f5WKppN6rptix,FfwEZkTDVTGsexFWZgWT7EwuEC5PEtpU2fpfaD8QA1BN,,0.000000000,0.011261261,0.011261261,1774967948,Torrino DAO governance vote:proposal:airdrop_pista_2026-03-31.csv:proposal_hash:c1d423b959d74d6bb423ad4e03329d9a9a6f9016803c3fb9baf0ec59825f683e:option:CONTRARIO:wallet:2xwx7bSK2VY1o8vyu4jkyLXhBeEKnR3f5WKppN6rptix:timestamp:1774967946116,3ZtwLWN4AFntvMHJP7UCfkDqBpQGSbyFmgj8JBEojx7hXEcnFNzonrmoMKGtSmKrFHP5KhuKn7D33e6eu6MPGHs3
5X4m3nXWQhiPbkGMukYdeYca5Cq9n2xFfeKMS319eHWV,"GmMPLCNyQbayoe5UVNu1o5NaT4yX1QJ1ekt3HxMXdFLP
GXTBJK2zsT5bo2mFeq86zq6gvuqso3wEgdaFXKE7nyz5
GC7wfAccuzapS2PPZWmfoNqLhEXomnMkpYEY2mooVXrP
EoB6HoywxgzwU9sqAwRosTmpvNibG1AxNJ1jybynoCdN
8WZN14KaQ6kJYKLcytnENXiiKTBkDCAnjmiHHiNvEfRJ
4WzxMsroiNjbFPhyVDAxepaCUbrRHJrPLzTziF3yKBbo
4PsVVcbKi5SsAVSyW9qbWnZAcoYaYSTBp5HJ9XuQUdVo
rk4zZzBns9heev2pktGm8fieHrDzYgpvi3QaLZGmcBP","G63867D7TDUbLwtVUJ7THHhNLmfC1EvHtC3UpWxzgAjg
EDPJBeu57QDPdXqfTkyiiiqSj48ioCXPFzpccaRWo7JW
9PDDjEW7wy5br9A1HmXjnfuYVkQhF9yEWcyYBSHdzx7b
8oTrozJoAyZXyJRfX6vJis6XJrjEujLEZSysPMgABjrp
2mHZBw4rhnkuRsvygBdB6PmZKhUCmBL4DSdcCtZqaxNH",0.990090090,0.000000000,0.990090090,1774968291,Torrino DAO governance vote:proposal:airdrop_pista_2026-03-31.csv:proposal_hash:c1d423b959d74d6bb423ad4e03329d9a9a6f9016803c3fb9baf0ec59825f683e:option:FAVOREVOLE:wallet:5X4m3nXWQhiPbkGMukYdeYca5Cq9n2xFfeKMS319eHWV:timestamp:1774968298503,2t1rUhEu79mWbGjMiVesyjanBcmbuz6Z5fbfNSp1c96ngTws7PwedfEPJaori6WivJ3hswwTDRLL6XS43nMPtEzj
EN768S6kroByjoBBTmmaYz5QMXnAWS8ZA8rLEzRboMi2,"2YBVUoTQHBnhHsk6ihgD5Vt5y6Xm7n214o598RzFHwZ6
v7hvjA4iPHzWNGZB6mveiUkgX6EGAUmARMf2mNzzn5t",DCoJifqECAYcPg5um6ji8k4WtpYSeJnso6YAK9Hbwttz,0.202522523,0.000000000,0.202522523,1774970097,Torrino DAO governance vote:proposal:airdrop_pista_2026-03-31.csv:proposal_hash:c1d423b959d74d6bb423ad4e03329d9a9a6f9016803c3fb9baf0ec59825f683e:option:FAVOREVOLE:wallet:EN768S6kroByjoBBTmmaYz5QMXnAWS8ZA8rLEzRboMi2:timestamp:1774970096862,3GdKV8G1ooLaybviXXUntajkUjaokqyzVvTr9qM5bRTMBzqXXVbteASaQD3WEZ1TX1erZZthZ9FNeKeVfkpb4Q5h
CJtKEFSaGjXhVnjgRSeeFBbQfsmR2aeXkcHrn1vJXAoq,J5hG49Stif7r8QEgeVUTsLLcpHdP1RtBi4WCDnUNaL5x,"5GJCuizKM2BdpiMXVnRF2GnVUXKCMFQeZCNZ6bCx6n5K
2GNkhMUmeduP5FqxipR4RC5x7s8BKA5rf1i89rDGN8xn",0.371261261,0.000000000,0.371261261,1774970241,Torrino DAO governance vote:proposal:airdrop_pista_2026-03-31.csv:proposal_hash:c1d423b959d74d6bb423ad4e03329d9a9a6f9016803c3fb9baf0ec59825f683e:option:FAVOREVOLE:wallet:CJtKEFSaGjXhVnjgRSeeFBbQfsmR2aeXkcHrn1vJXAoq:timestamp:1774970238605,Qerka6oJXF1fXC24LD9jp5GGZMQ8JT1EBy4CbFuWQRJz74wtbQ6aVfgx3S2k89hV3smfCFLfzHmPDEWVKnpMNLW
3JGGLwYcwfpbsZJBcSnkYFPmdu9dpY1jffebpY62a9Ly,"Eu1L5MNoWQxi6zHKsEz378GSwRz9dkYwN8bYkSGs98Y6
7hEPdv2PE86ZoPbXPtBqq7pLaG3hg2Jnn8nMwp27ersE
4LN732WE4T4x1ZKjHoufztdfeYQGT2DRZio7AVPcmnvZ","JAWqkL2KXiDGGqJQZSFQRknk59Qd45CCjBgyABGXbzTt
Hzrrgx7vPybwKrfPLXwrzijkuE4HQv7JxMEtKfaC3edj
H7Tw5sosgLf4UusPBHEHC5om3Nyr9Ne791sLbahE2TfX",0.573783784,0.000000000,0.573783784,1774971820,Torrino DAO governance vote:proposal:airdrop_pista_2026-03-31.csv:proposal_hash:c1d423b959d74d6bb423ad4e03329d9a9a6f9016803c3fb9baf0ec59825f683e:option:FAVOREVOLE:wallet:3JGGLwYcwfpbsZJBcSnkYFPmdu9dpY1jffebpY62a9Ly:timestamp:1774971816413,4iGxJjjzoZ1W3eejsKFmvGMyP6WxQpYXRSeWVLNQfFSYcSPe7an3Wwx34fFfKAvSUFn8jAa3FwFVraxYWcjXTEkD
A1ZaTZCRUWK2xHM6FzNnBeFtX3jAG9SaWByLwVaXgE59,4cptecZjkhKZ3KuxRRQijnrVFDJv3NxBDYHTsf39Qq8k,"GNVhHgacz4ZNShafQGFPFX4rSDHktdTSrpy1UCUyBCaX
Eo3MRoqkSvYEwJKSsqBEuPozQ4UoWrZxDqvbxJUDnxLt
EFW4JQYcffJAfWmn4A6csaiNw9CZpCjZrujrRDPTehHc
eGwAEdJufBzfbLbctJNjz4D7LjNWiQm87cFXBpELU5C
8uLDcPpyXhc2HMVXe7cQtuiqqJUd2ZHL2HzUJRReoxJ",0.911261261,0.000000000,0.911261261,1774972267,Torrino DAO governance vote:proposal:airdrop_pista_2026-03-31.csv:proposal_hash:c1d423b959d74d6bb423ad4e03329d9a9a6f9016803c3fb9baf0ec59825f683e:option:FAVOREVOLE:wallet:A1ZaTZCRUWK2xHM6FzNnBeFtX3jAG9SaWByLwVaXgE59:timestamp:1774972265997,4pSBCtrP8SBeHnaww48567axdwLcnuEv3gwhr6kWypnkf2yp4u3MoREDjZCyArTbHJAeG9ZAELf2t7RvZaJPVBzL
8G7UMpNpwKYKghju4etVkFiZyNgPegBhPRsctPWHg5cL,,"GQUSkpDEnJ753b5L5gAaroYspwCMMitJZBV1JzfG2PZh
GADMXK57QJ1Zgya6b3dMKpgFswfdQy7XpTwa7TWEbTkS
8uMfcc5jhSxbd6DmDhXK8fmbPxjXHtiKjQXUqkgkv91t",0.540000000,0.000000000,0.540000000,1774972326,Torrino DAO governance vote:proposal:airdrop_pista_2026-03-31.csv:proposal_hash:c1d423b959d74d6bb423ad4e03329d9a9a6f9016803c3fb9baf0ec59825f683e:option:FAVOREVOLE:wallet:8G7UMpNpwKYKghju4etVkFiZyNgPegBhPRsctPWHg5cL:timestamp:1774972324500,5R16KvXLJX7Su1ELr61Mz8DW71BFnm5UbTBLJ7tCJ8rniZ9fGwbgNw9fAw5i2iGNVnxsXPSGntyGav1JzAe65xsk
