proposal_created_by,5feimx18jM2hK2rvZnQHRsjhSeCkHAiLeQZDuJkU2fPc
proposal_created_timestamp,1773860275
proposal_created_iso,2026-03-18T18:57:55.000Z
proposal_lifecycle_status,Voting in progress
proposal_lifecycle_updated_timestamp,1774042800
proposal_lifecycle_updated_iso,2026-03-20T21:40:00.000Z
voting_start_timestamp,1773860400
voting_start_iso,2026-03-18T19:00:00.000Z
voting_end_timestamp,1774130400
voting_end_iso,2026-03-21T22:00:00.000Z
proposal_title,APPOINTMENT OF THE NEW GOVERNANCE COUNCIL
proposal_description,"1. Eugenio Benetazzo | @EugenioBenetazo
2. Andrea Savoca Corona | @ASavocaCorona
3. Manuel Rosa | @Happy
4. Andrea Ferrari | @andy_ferrucci
5. Gabriele Fejza | @Gabriele
6. Francesco Cappellani | @xuxien
7. Enrico De Turris | @mr.vinyl"
proposal_options,FAVOREVOLE | CONTRARIO
torrino_participation_rate,31.6%
solnauta_participation_rate,23.2%
total_voting_power_participation_rate,30.2%

wallet,solnauta_nfts,torrino_nfts,FAVOREVOLE,CONTRARIO,voting_power,timestamp,signed_message,signature
59C4gdQT5VFqZj8LTw5bt4CTzJkJpncujiG3xfngCzs8,8gjqkdHgmHvHUKZ3uHfbW3F1tYW4AKqjguG2rtvjhQ7Q,,0.1,0.0,0.1,1773860588,Torrino DAO governance vote:FAVOREVOLE:wallet:59C4gdQT5VFqZj8LTw5bt4CTzJkJpncujiG3xfngCzs8:timestamp:1773860585777,4Tkq6ENtYe2ex67nimnxkrNAHvnKxhASd7qeVkVJoXJKwFn8jWPHgbyK7AKEj1oyMqMj5jseGzNyodUHKRoG98cm
4hcKvjU4EMzz5TSjgk7CMwhTwy4gXTuhdEYHyd5Shaz8,"EwwGNJpWXqsNirZU1gWzHi3vtW59GXyz3wJKfsswjyTh
BMMsdox5pDD2tXq3CEAPXxeDKufXwkpWZwWfZkqUjTaz
8rDZ2ugw36LtSCQQD45z2ARtQacx4s754ot66qCFemQx
58CKJDfDfmvv7jBxzYePHP9jJrXhTDrck2HPoCqo8g7X
2NYNiEfAHRYPps3PjFEpjgogt419mu3HzGTKcZ5TjP7N","GzLUWTrCchCdGQtYdxiEfn31d79VryBaMvzfEiMYv8rk
68R48oPcCyssRh4AYAgkSfBydmgnHX6rjPYjRVcKVRLT
4L4bsFcvr4kbRkBRsvWHKjgwf16gqyhmeduxgbwMwZ3K",3.2,0.0,3.2,1773860619,Torrino DAO governance vote:FAVOREVOLE:wallet:4hcKvjU4EMzz5TSjgk7CMwhTwy4gXTuhdEYHyd5Shaz8:timestamp:1773860593374,3d1qJQdti6uKFhbJHcCNkyGEVF6MNDKANw4hd4XYBYnfnpBPHa4CA1KykzKJkyxWWd2J5tvLBLyVb7aAJDmKM6Js
6DSYTNNkFKGsaUQUmQDwYYJNUMUtPtsPA9PMpWDkVgL3,Bs2sRRvotdv17XpXS3cGVeJEAnvBnpstByp44eXrTKj9,BKnXP6s4yH3B9peWK5RnP3EZMDqBRFPgbKeRUPWY9AXs,1.0,0.0,1.0,1773860631,Torrino DAO governance vote:FAVOREVOLE:wallet:6DSYTNNkFKGsaUQUmQDwYYJNUMUtPtsPA9PMpWDkVgL3:timestamp:1773860621256,44QSRjhGSwLsoP8DeTqs8A9uEqpyzrNaWwGHZGChFAiPiwBdK5zZ7Sgc7jqY6emHpYtL88AAAUnYjeXHfxPSogL5
HbGYKt4ZAkYnVJiQt49hATfUVdJY32aeG39qUpTWujan,"2XJgn82vfdsz5rLvc3a6mzc2VmabrymNaZpuiVJabid3
kwRSkLwUj2RCPay2YqTB6eDrSHe7gFMeucYZb1MQXih
HK8qVpjugkry4BH7gaf8VmDwQJAmtitEuFRLy34du6k","7TVNMn7mWCPMSBKx8ZNtLVa9zbVPuShXC4yNwG5ggP9H
6S3xwPRi3emASK7HXRSbnLbtDmJvsqFMurVrFG7FSqtP
4JpvCGRueueKjPzYagGMBofkG2huFDJZsA3iWbUW493E",3.0,0.0,3.0,1773860660,Torrino DAO governance vote:FAVOREVOLE:wallet:HbGYKt4ZAkYnVJiQt49hATfUVdJY32aeG39qUpTWujan:timestamp:1773860649254,5vSDdhiYXKAVNN3Ynxda17gxxy4yNWNRZatnz77aFavPztXHkKKa8V54SjEQF78EtoyWCCBRrGqVE3NgrJPq3BDL
59VJXPy3KPHtNvzgtfWXq7CAzxcaQ2PoHWRoUGbj7o7c,GecQy53HrZ6mUhgLkgL1Dc6EMnrLWVZuY1YHG5KHnNrq,DnDJN8BWx5XvwuYtzNKsmtcncGS8qYvuW9ABgBVsbSmx,1.0,0.0,1.0,1773860667,Torrino DAO governance vote:FAVOREVOLE:wallet:59VJXPy3KPHtNvzgtfWXq7CAzxcaQ2PoHWRoUGbj7o7c:timestamp:1773860661240,48QWH1Zi9mt6mLbnqUoRVpCVT5QWgHqjT11WgCrLtD4cjUmizCWxtzX7M3ihPLgoygTaFwxoHoK9deVMMW7Apqwa
CiVp6EP6Wk595nPmBFphbzZdi3x4cHE3Vc16SCWkDQZN,"HjrDPku5MgLvdgeEDoqjrqCY4XBFF9GPh5h7SkPahVDu
G5Fb1RUY6b9Me5tVdJb97R9UySpCBqhPszbj5FhsFkZa
G2rYcCHtCEvQhUbR7wY38FdDLi5MQotUwT4imJVpaf5G
EeB7afxNKojzUxQTgTEZCTqYTnqNd3ic8ANQQPiwxGMe
CNMC3Vo2ALrA7iaKbvsZWDMeMSK1NPD33DTYzqxnKmnh
9XUD1GvDR3S4iqK6hJWwg8qrvgz6PwoNVWc9YU7aJ3ax
7utoNDLauzQPwnC2ibEnZkkp5f9FEbkmvA7xqTm8uqGE
49KTvGWQD4XumFBomrtWYY7BxA8yhZ1JQawKZad8jyo3
2zS3b9Y3WkBuS1Kh37yBoxJyiuxpXV2B4p5XDz3LrT3V","BMf76ZRFdkk3pYVL1h3AapyD2odWv16X9NKR9T66bXQM
BB4qyn1kpD9rP32nJjCMsQuJj3AqAaS26czHFYL4dZ4V
6wtkA4LMQ5dYoGbZt1vgFdTXSqWoRPccdMQasD8sJxz7
6pByNt3B7cwePhH57j63DWpwwMEXKqY8wZdkbc9zhGn2
3oNR2YSJZLbhfLKfWcAkkkV1h6FaXUKmjbZPv8JB9fxB",5.4,0.0,5.4,1773860803,Torrino DAO governance vote:FAVOREVOLE:wallet:CiVp6EP6Wk595nPmBFphbzZdi3x4cHE3Vc16SCWkDQZN:timestamp:1773860794753,4dEmeD8pya3Bws2S1FFTLcZht5iH1MZeMv72v82XPG5nATkF6jcEECoitqEKbzocYHYxov1AFg5L7SGadvzkiGXo
BrEBJRcp7db5vUPo2XYgo8BujD452hTciYXg1Esm4JTL,CeLMwd8CNPzv2x336CALtABrjjmLvsKk74Q4D61VtStj,GUTQcDi4r9zfGUWW9qyuh11knShTdkX9Sy6vaFqYrjtB,1.0,0.0,1.0,1773860906,Torrino DAO governance vote:FAVOREVOLE:wallet:BrEBJRcp7db5vUPo2XYgo8BujD452hTciYXg1Esm4JTL:timestamp:1773860901671,4xewPekeiYgdNgxi7izaAd8cceW5BeZJ5rL2MtX6CJjZwiuLP3hgFUqEjQRZNG49ffkWRHZpDptDorezWF3pw9nL
4UQ2ERKrBxPCjr8Q6x9in4SACxHxCkGYXvFRYFLXTuXa,"HGremmXbcnLARiQaUFxc2qUNhTHLduunkE6YhVB1UXK6
EoMcvZaGjBjYqYVf5Vt7KnEU4SCc5UXJw91V9QoivRPK
DgLN1f4NF8TAoDPwGp75gZime4PREXTE46stcwRxynGH
C8GPvixTBQY9SH4apDUQVBWTkgsRrXbfYstbzCHVKEru
3cSDo8j9bEqYmwQSDfbKEoZCXJKM4j3dyQTSZpbQcJJb
Qpx3BEDGcStRecFpAtsDrjQcuPdNw2gZn2NymRfQGt4","Gem5BCeAbLVYB1BZ6AeaSRg7Z7QHKkbL9cAjDve74By1
9CJfpxrLWhUAbvA2aKXyL1cfntKbTFpE74GD8aaDa91m",2.4,0.0,2.4,1773860925,Torrino DAO governance vote:FAVOREVOLE:wallet:4UQ2ERKrBxPCjr8Q6x9in4SACxHxCkGYXvFRYFLXTuXa:timestamp:1773860921730,2JarBr5jWrAiAvnYphos8Fe14cvS9TdmgarWt8HrncuDmXmsDnyzGTtNsa9sUJF1fTCLSBBrnhSkEyEzpvBJk4Ht
CGwtdCXSk1qrfZMF3Vbbc5B2BSPKsTdZ3MiBVPzgALmv,GbeLH6ukCuKh6L8ACvCoeP8EU16SYf97bn5nnZMdUgxw,2YwkxwJHFcScbEarjycz4CqbHoBEJsYEVgSTp35FhQZt,1.0,0.0,1.0,1773860928,Torrino DAO governance vote:FAVOREVOLE:wallet:CGwtdCXSk1qrfZMF3Vbbc5B2BSPKsTdZ3MiBVPzgALmv:timestamp:1773860890580,2r6BF9kzJRVjmzGjXPH8SgGVBwAybp6izFq43SxUUKGW6unxAfMeHfThKTGUoSZQ1Th5u4m4BuPnHFDsBXvA73CZ
GoiiAE4wZXJfBuLbKnLqt422cieF9cpsqWZCu4Z4ry6F,61EKDkuwpyW7F8PFeNJfx7guK5J1sJjS3tc6qQsBjnxm,,0.1,0.0,0.1,1773861025,Torrino DAO governance vote:FAVOREVOLE:wallet:GoiiAE4wZXJfBuLbKnLqt422cieF9cpsqWZCu4Z4ry6F:timestamp:1773861022303,3xvQYT14Wkag4nKHF8NCyeL4YBPJ2gWN8YSuEeyLBNomQ12BmkTvr1mvcjoZBNKiigDoer8saQKB5KR5Y1dCCVCk
5JLUCo2WJtgrUXmGXoXVm6a2L6RJzVz5rnn91kcLQfjg,3K573Qgp6Nd1n5u2BNPM4Zef5RjL8U7dXAA6s4nW1X1V,6Fa9xE37ueHU3iB55a5dmKnQVgXaWGRXqGCh2XYaRn6v,1.0,0.0,1.0,1773861043,Torrino DAO governance vote:FAVOREVOLE:wallet:5JLUCo2WJtgrUXmGXoXVm6a2L6RJzVz5rnn91kcLQfjg:timestamp:1773861041613,3eN3NSiRukqiBH8gLQ3ggV1xwQ2uomactAwxQYze1Ujna1WyZtY1TS1LSw88cwa14CrdTv3iqYGvoXsK61cVawcx
CGy4SHA8szNLAfWSRBJcVweJhXsn9hahpkHp7F5wM5rW,FcfatrHWdULaCoUHgMSUjhwoEUAPJfGVmKQ4pC5LkAhh,,0.1,0.0,0.1,1773861139,Torrino DAO governance vote:FAVOREVOLE:wallet:CGy4SHA8szNLAfWSRBJcVweJhXsn9hahpkHp7F5wM5rW:timestamp:1773861133922,2a7AJvUDvCW1DcRHqxapR2ztf9qr93WttKm3LKRwGjrgmbDroCcMcjxaQg6h1i8Q9wiW9Fejb88Vc9Gigt4EtoCh
GXerAK7bX5WaeBW7PWqJ7LAqz5ynaZE1YYNgWNXbgkUv,48p8zAM53mxcHgt56nZuD5SerCH8vvZEJqYVuxc2tzLW,,0.1,0.0,0.1,1773861181,Torrino DAO governance vote:FAVOREVOLE:wallet:GXerAK7bX5WaeBW7PWqJ7LAqz5ynaZE1YYNgWNXbgkUv:timestamp:1773861178834,5i9FGHS18nvYeXFqLbLP6Jf6dsgqTXtCHRgTaoCyyBvhcNoLMtnx4PwWK52hcqF8uvTUystKhGS5nFDCQw8hzDt5
8FL9SvhuvntoJJ5uq9uN7NLVU7qmDG2fAtoW1nGVMV7D,9chFskvDr4YhJKuvVoh6Qq7Thz7LoZiy9yecj29FCF6Y,HiiswTgDVm2dQEAbjwTBCTcmL4z3uuM3F3ZmdLXsudh7,1.0,0.0,1.0,1773861347,Torrino DAO governance vote:FAVOREVOLE:wallet:8FL9SvhuvntoJJ5uq9uN7NLVU7qmDG2fAtoW1nGVMV7D:timestamp:1773861344537,5nnnLVzU9MutA9zwQBjgXmpMUvciN6vjwA4sdxmBDf99WKbpbzf4mzRHggQtozMpb2tD8iu3xawMPgy8B572urKV
AY29nAYXg97oHgrswqmmsGtDhDHmXMn1NdWLYpy3wcVT,"48RWsysGDFdp5vHzwcU43RNwi87zsYo3iSshmUQnfQ79
35vkTzuSfcwBRNH1t88QkMNkF2nrth5EguvYpxGSwHZt","HTFJ7spfYHD3MFa7oTunu9693odLNb5ycDBE24arZc5v
EgjWuETZ1VqosscxTEz4UCKk5cb1hUFKnwsfLvqB23Qq",2.0,0.0,2.0,1773861348,Torrino DAO governance vote:FAVOREVOLE:wallet:AY29nAYXg97oHgrswqmmsGtDhDHmXMn1NdWLYpy3wcVT:timestamp:1773861333693,5pxVGavnzJcwUwsT4s2BQiPZhg2uBH4VNSHyZ1pCZD9h63zHEKDM2jvuCd6dCrSYypgdcAdLRSp3Y1fotks4dnnm
6BLnFhBd6R241wP9wXjk7JJ9QjvvRmYUtwdp39ENWx66,"q7a9HNrDHuwW1SBPTP76TBSJfhCZyXd8gmaFmmU7gSf
YQs7FA2jznQFPpSbZ177GrLXKjfwJBgy7Fgx3PMrhkB","HSUPr8mcKF6rcRyqq96cYGbTsq3LxhCYvnFKme37njkr
EbrSZZoC2xSjchZKk7XHcMwkNGFeaLuguk2QeKPVdaXf",2.0,0.0,2.0,1773861410,Torrino DAO governance vote:FAVOREVOLE:wallet:6BLnFhBd6R241wP9wXjk7JJ9QjvvRmYUtwdp39ENWx66:timestamp:1773861401804,5easpX61qjxV2UoSyJy7NRgVpBXASBQ994JqnQ17CMJj1Vdbwhry64EcGG3T8wPMz84zU9zRCy3jTX9mZPp95TZU
G3Lr6W2dXExY5bDVBKoNkwZ2RvtoRB7eRyMFimmjBH3K,"H1XSTsRMD9HDLNwUGjLVGexTmQoR2QkpHPTZwZNbdoKV
Gpj816DU1Fn5QdcxEodN6R1EJkJMQPGqC1jS8jHA2tUd
DarYPYNA9GqzDqCAHRg19nFM85Eek7e79GmKbKDz8GNm
DQYS1tzPv8EQU1uv5h8NB9W7a12f68ESMdmK3866norw
D9Fn36w6uaDy3yBkMjsdqtVktVmXe69NC4Z1VaMpK1ni
Bc4R34QvxSGExHQCujLUQiVQ5o4Txg7V8LBFS19uahee
BT9z8dMGZigtDWytc2DbWDP21Fq4ZpTxSwtyn35akmU4
25bSREQQ2AQ6vzTkYq62mHKH7VVGXTg3wLjEtFJ7bWEd","HifPZtsHQvYMb9E49kG7o8E1UeiWdx7R9dFALtBYZPqR
EguSsbfeeyeZCQug5ECwWyt5tQt1sTgrWpGVHJFxpkxy
Ywf1mo4KvGn3SNEzsGnpdBofauKgWkWpjphmJzxiHhn",3.5,0.0,3.5,1773861412,Torrino DAO governance vote:FAVOREVOLE:wallet:G3Lr6W2dXExY5bDVBKoNkwZ2RvtoRB7eRyMFimmjBH3K:timestamp:1773861410165,3LCi3A6jaTZkzxLdZ9yUop2MkFEtWfBvoRRtWJMymryQce9TUk4b5z8Dd33xFJGCPbdTR2znbDZ1xz6XZoB5sKWU
6Wp7e9UzEkeQXvFjdjCJScme2pHm4d5c8N1T7sio4L66,"Bjgjko3H8y6v6nB2QiLqYkVSBFvuxbQLiu6n8Q1B3f8r
A7nMViGfG74rCD7XdmWmVmiKH1UbN6A6AHx3ASEc8VCt
UQts6PUZKnLbAk2xHkCYig2yx1kEZU7PswXSuXQ7M5D","C3ZKSskjC4763Bs2xoBPN8p7pR9i6zbsd5ctMRx8EXM1
4SoVNA2wvKMvogaPjWf5aMB6CrGEmBn8oDMwgohrFgtn
2bXZ9GfLF8dsaPEynPL47johvm2eQdtaUyryAxkkioz5",3.0,0.0,3.0,1773861486,Torrino DAO governance vote:FAVOREVOLE:wallet:6Wp7e9UzEkeQXvFjdjCJScme2pHm4d5c8N1T7sio4L66:timestamp:1773861477871,2jVMmwR9qTfqJkAgYbzKnDXH74H6kVeofJg2jQzkyUR8Khqr2tWXeUrCZkJvwHXU4wx9kFdQu13sHxGXhQKA8DfG
52LnaBBfDyeK8e3LrgBGGkuiJrRKQuHgKdAP5fAuoWFQ,,E6izwrJioGC4LRCHaM8ZncUtNda4cZYhu9SNVcAgYozT,0.9,0.0,0.9,1773861674,Torrino DAO governance vote:FAVOREVOLE:wallet:52LnaBBfDyeK8e3LrgBGGkuiJrRKQuHgKdAP5fAuoWFQ:timestamp:1773861672708,23xusTeacGV8GE7tjyqwcAocgvCSKsneuGWGG4TX6gBcNx6azWZEasd7FKRefzRzfA7z88yzvzgmQT6WyVKUeijG
Fs9FQ9j73To8536p5wKmUJAKGNP9h9NmVs3XmPo1EPnk,"EL1MfCp65W45QiBReXGNXW3GaP9WzJ6QYCVRzSeP37yK
DpPZuZfT73AmULGv56SoS9i265tzz7YBh2m5Ymo3TA54","FMY1947HAjfk5jmUpgjUBekhfgxPB156GbRorU9xBVDH
CTPNcDHRVyk19KjKRZKqoQmtCYxXXVVvFsw6rX13zMEA
APwg8VNLz2QQ5TbDnADicNsSh1W2BeC74PApMpx736Ti
9rtRdrDqNyi8HdcXBQZfhuNTY8Kd4E5WGJ6t2YD8DBgm
8YPXReYqui5oxnHa6FdukhkWZUFtwq4QUeu4N51K9TEW
3S71AQFpAaZfawkg7eq2C1UA6n9X6tieHPhe465dtY2Z",5.6,0.0,5.6,1773861691,Torrino DAO governance vote:FAVOREVOLE:wallet:Fs9FQ9j73To8536p5wKmUJAKGNP9h9NmVs3XmPo1EPnk:timestamp:1773861688590,4gTSdsqYNahVUhHjk7B8kDmeWCWUeu5WDRzY3xqcyJYM1ssfqGf5AjgdE7euSttLQtgxdoxUVtmnGfmUjjnhZHxx
F8RLuF23vJoG9ewEM2shvPTMf9yzGTHv1k92Q6LrAfLf,7Sz35Hr5YLFZ3znHQjZUhBeQMuHPKaGeWSJWevtKnDCN,2wYUQfwzddahiYNYC34VuTxx8ZzvEoZyoe1k5jtmpUiD,0.0,1.0,1.0,1773861719,Torrino DAO governance vote:CONTRARIO:wallet:F8RLuF23vJoG9ewEM2shvPTMf9yzGTHv1k92Q6LrAfLf:timestamp:1773861715689,62xEpfib4jufKK1YyVhFksGfi5R7uTqP6WghSytTJieZMRVbqsYQvmgtAvZqT9W8vyB8tNR4Wv4VrWNYv9TKF24e
FPPCCgSKKiwCWFwx8j9YZ5WBfCFibKEmoRFaSu8mtjep,,HrDvWUUqhRJa4TRCpEWjnXTBe31yWG9nYtj7zReMBF7j,0.9,0.0,0.9,1773861736,Torrino DAO governance vote:FAVOREVOLE:wallet:FPPCCgSKKiwCWFwx8j9YZ5WBfCFibKEmoRFaSu8mtjep:timestamp:1773861735489,BZrDR21hdYCXggSGHWzu9Tb4JeHm3Sq1xkTdreQvf9HY7MZY53CfGdd7EBAvZ8d7TLFQBiRKVQHuN7uCi2qGxaM
Hri97UGBvas69rE429VhVu8BSiGoNvroyEwk2MiWQTy7,3VMDTFaY48R7CW5dfLKNnEVMStQ9exy2kaQ977i6cGFQ,4XnLZfpUCmiRVpG3yxRfJyGVqSP1XT7e8k6M11AqaaiU,1.0,0.0,1.0,1773861810,Torrino DAO governance vote:FAVOREVOLE:wallet:Hri97UGBvas69rE429VhVu8BSiGoNvroyEwk2MiWQTy7:timestamp:1773861808508,4nXKYVEyRcjXak7ibuW4R1wCoY3tHbYVRXjSdZuoyUC1oKCmPTnTToEnJgGCBQmxQP8GxMoqCP2GP9du7K8ybgDV
HHfHTYQv2uzE5o9rnuChNJUxM29tbKfJNBEQacKzjxT1,DvBuDUrSTCXResyWwnhEtY6fzJv6JC4ZzZLeorPKRNmx,,0.1,0.0,0.1,1773861838,Torrino DAO governance vote:FAVOREVOLE:wallet:HHfHTYQv2uzE5o9rnuChNJUxM29tbKfJNBEQacKzjxT1:timestamp:1773861836869,5xLBH57HizWNGSgqmLTZq1k8985gewtepmwR3WLXPpdjQANGRcyhGQHDzdVfu5i1SAkFz3ij86UYqZ1zN6x5GSu5
9xRbx5Bc5KXADD2CDRaBAvuczw7F3cZhuTMhprXDp66V,FyfHBWbU73XWSP9XA8C4qhSUo7s82GQZZkFgGtH28vQB,"E5w8ZXtJ8YUrt7F5bhzGzKPnVrynABm2TaiEr4Ma2ABY
3njkgxJ78YW6rQQGhZ3hVqmdxMFKydc44kdptXbumqi3
tNL8StVzwpGsLKjfZ7Rn5L6oBkkdYL6iSivEaspKK4J",2.8,0.0,2.8,1773861950,Torrino DAO governance vote:FAVOREVOLE:wallet:9xRbx5Bc5KXADD2CDRaBAvuczw7F3cZhuTMhprXDp66V:timestamp:1773861948534,42yn2gCLh5NNPEqRd6LohjnHNJa7Tq9wRUK8kXFyjkN7DFWv11wSZ4f8UKGMwxQWW6vt1FFrNQeK55SBb4xWsH17
8Y5t4LR2XWvkywVfpXxkymabK9qvZJeZPHJ1CB4zwcr6,DcybmDk8gJgXzytcat3uMUFk1bfyWUrs25KCyyrUmPeK,ByVx5fGdFQsxpqop6wKQbWkJsCk8AuW1qRjMN2koUhSb,1.0,0.0,1.0,1773861981,Torrino DAO governance vote:FAVOREVOLE:wallet:8Y5t4LR2XWvkywVfpXxkymabK9qvZJeZPHJ1CB4zwcr6:timestamp:1773861979213,4k2HEXhqM4oSnYHZoCfHN8bs9VBUQdj8Fezyn8eybQwQEA3oroKVdFGsh9VBqnomhwq2pRJii1nbN2oP1PSWpvdY
4S9CvpCSKxpv6RtSHDXLXevJyaiYANtphDvrpsPYkaJ3,GswVRSiEjZQzoc7kzrXs9RmKU7qJGYdPoGRanmdt3qFN,,0.1,0.0,0.1,1773862006,Torrino DAO governance vote:FAVOREVOLE:wallet:4S9CvpCSKxpv6RtSHDXLXevJyaiYANtphDvrpsPYkaJ3:timestamp:1773862002321,4WLVtksVxAMAkoe6dMMYQK7ky36aHkHNPWa6wM4Fu51t9rpoj9eaHGDHgEk9RfgTVS36sD54q26qX414GY8mStRi
Dokjj3mh7zZftrbQth7cucTnXj6Nu3kG8jDgUK6SSGZT,,2YmGYnkMj5DaxvrjYmDTtRAEF1D5ym4W9MV5w1Zi9gBC,0.0,0.9,0.9,1773862041,Torrino DAO governance vote:CONTRARIO:wallet:Dokjj3mh7zZftrbQth7cucTnXj6Nu3kG8jDgUK6SSGZT:timestamp:1773862027814,3JvLpsan8iv4WMV8JPDFLVXPqhDCm1c7x2bogC6WmfkkLCm8tQaKSCYqsRGEUQWHUoAsDTTmzFYVGLDmYzifgGPJ
3JGGLwYcwfpbsZJBcSnkYFPmdu9dpY1jffebpY62a9Ly,"Eu1L5MNoWQxi6zHKsEz378GSwRz9dkYwN8bYkSGs98Y6
7hEPdv2PE86ZoPbXPtBqq7pLaG3hg2Jnn8nMwp27ersE
4LN732WE4T4x1ZKjHoufztdfeYQGT2DRZio7AVPcmnvZ","JAWqkL2KXiDGGqJQZSFQRknk59Qd45CCjBgyABGXbzTt
Hzrrgx7vPybwKrfPLXwrzijkuE4HQv7JxMEtKfaC3edj
H7Tw5sosgLf4UusPBHEHC5om3Nyr9Ne791sLbahE2TfX",3.0,0.0,3.0,1773862220,Torrino DAO governance vote:FAVOREVOLE:wallet:3JGGLwYcwfpbsZJBcSnkYFPmdu9dpY1jffebpY62a9Ly:timestamp:1773862218950,3dythqfy5WTW3adSu7pFH5oA2ykMiHWVUsN35koTe1fpWYuD8p1nffBh5G7gjs1wD6UC3YVrM2W5q2W3Qj3SmbMD
7QhxEMfvPeGdiKNzduaXWW8e81NKagFMQrfYJtejmMb6,9taRMkivY3URdyqPwBa2AfEsPt5vvhNqMdBundPSAA7m,,0.1,0.0,0.1,1773862272,Torrino DAO governance vote:FAVOREVOLE:wallet:7QhxEMfvPeGdiKNzduaXWW8e81NKagFMQrfYJtejmMb6:timestamp:1773862271151,3EuLDoHqCbmNuG7zGEffc5Kv2kfxde4Fb9nzpjJZbwHcrVxibKeCkD9iuQacXkXXLTcpXanUwFT6WEogRJTqMX6D
92psv1uQMZuJbhB25BLzC2E7sGm43Ug4xvTAJkJeXtYW,BanVMbYVRbfoeg4LfnmAeonfyRVRwse81Mcsm594qz3n,3pAPDk8pYsDqrKYqagPmvNr1hS69xYucf67y8sXnxETS,1.0,0.0,1.0,1773862402,Torrino DAO governance vote:FAVOREVOLE:wallet:92psv1uQMZuJbhB25BLzC2E7sGm43Ug4xvTAJkJeXtYW:timestamp:1773862392545,4JDicRWtesTPFXGjVSQRBERPbobjzMMSeBbCbmMdUwgzaCokgjKi4mdWURgmTyRVm5wmJPHy3G1mjDzxavrfCJAc
CkME7SGE8erHi1XnhyKkSgmnTMWjSiTAh6DxEMn57iNJ,7NCRGrAUG7m3k3ipAw1LARz6WTj6TjfophhMsyE6ELSv,J8CjSgLsPbVkGFH6xeCEE6Q1xs5dpzqMKcTSF21pATeQ,1.0,0.0,1.0,1773862561,Torrino DAO governance vote:FAVOREVOLE:wallet:CkME7SGE8erHi1XnhyKkSgmnTMWjSiTAh6DxEMn57iNJ:timestamp:1773862558034,527PFmmXfqSz8mdVQoazC9tLfxvydA7azMfQTEqkUZFyM3uGtMU8pmbSLtj7cQXEVu9GUBgg3FQA3ZLS5BKbCxpK
H55bM5iZL26UQV2fRAfRtZU3e7pVH9gLWh4dqAKye1Xs,"8awdmvsG45rcYcpUtpz5VWjUkW7danTzQ9dcvT2izAGz
5oEKiyNqaZgBoRmpSoQ49CNw73Dbh69VRemkZy8RYvCA
nUEYjYBAWpixVwceWPed1Zm5A5uLPqd4kBMb37Aww4J",,0.3,0.0,0.3,1773862581,Torrino DAO governance vote:FAVOREVOLE:wallet:H55bM5iZL26UQV2fRAfRtZU3e7pVH9gLWh4dqAKye1Xs:timestamp:1773862579495,2CasDebeftm7QhAjfmU15HjsRHXSXh3htc54EsKHbPKZ6UbsCemjBbBs3uKudEh3CgbP1daPXxNzZUkSZtMGwMxb
EoPJ57CqmHtgyUJiiw3qEkqSAcVWBampTVwjpip2ps9h,46btG6nrCeSv5qj318dVDp1afB1QF6yMgZTvVjt6Weib,,0.0,0.1,0.1,1773862598,Torrino DAO governance vote:CONTRARIO:wallet:EoPJ57CqmHtgyUJiiw3qEkqSAcVWBampTVwjpip2ps9h:timestamp:1773862597587,5ne27U6ZDqUTpvYzZpEPKhp1yJx8xWajUPNAJCrS47GhyegRFec1R1Fsbcu4WBKXGLQn6vuzWvaVRgkDn5N7pb9W
jeN6XYM6Jx2bTsMXBsqJF9w2TVnH8EqNTYzf22yisSP,EbCSsSsYASKqKftQcCBVcd9ZsuWsTofYbcqwp1igsmva,,0.1,0.0,0.1,1773862614,Torrino DAO governance vote:FAVOREVOLE:wallet:jeN6XYM6Jx2bTsMXBsqJF9w2TVnH8EqNTYzf22yisSP:timestamp:1773862613222,gNnFKU2TwNYTpLz1jdnXYx2JrGKDUT6haj5gSHuJPVNudrhdUgz3J7rPx1NRVfuhRFQ2Rrt29KZ2VP4NhXdQVzQ
4WLMPChGqZMEQU98GNjG4Ynp8sWgpiUW7Q7WRxokmC18,7X4uCTrPnUd6upeKe1hNXjoivobhTjG18pkZeZ6kNv1X,,0.1,0.0,0.1,1773863138,Torrino DAO governance vote:FAVOREVOLE:wallet:4WLMPChGqZMEQU98GNjG4Ynp8sWgpiUW7Q7WRxokmC18:timestamp:1773863135992,KQDFu3FDiTwKHkAy2jinrW9FQQYZF7K56uA8ZpYxbxR5KBEvTmNGXmuwWasjwNkVu3XYAqAwQh3jrBVW8f4x7VF
9TWZjGgXqrwfVqoJesW6N1o3n1jPYNZedAwXHxy1vhQj,7JR8ZYaAiHtTNs15GkyeoJxHNf4YMEFFZf2ziybJYTJo,BygXNhcspjwa2vq9z74a1q7N7TMJUwTvPWN1T22JbLpM,1.0,0.0,1.0,1773863257,Torrino DAO governance vote:FAVOREVOLE:wallet:9TWZjGgXqrwfVqoJesW6N1o3n1jPYNZedAwXHxy1vhQj:timestamp:1773863255634,4TtFa8HqXQiKuYzZDHEbiUzZMSY6iJ1wHaBvAqpBFAeHrsnNbhNtGhL6BzNYcEX2jexJQT8a4oqThbP3buZ4Q8Kn
Do8K6ag6R5vsNCTKtay2MBvUo4A54eUCD9QsMa9SKGnL,A1Lzivd8eArRgJ7gut6heJJ6BjRiReipdxqxkzeErCqa,,0.1,0.0,0.1,1773863483,Torrino DAO governance vote:FAVOREVOLE:wallet:Do8K6ag6R5vsNCTKtay2MBvUo4A54eUCD9QsMa9SKGnL:timestamp:1773863481367,5QXobX7ziPBkE7eug7FDuTipJzfAGhumZNReiwDFnJ7b9hRAs4FJ6AtC9TT3DSE87YgGxe6bznAJC2Er6hWSTrJ4
5C7wiRhLu6Mtux9uuK4QRmAvoWNuZf86kiJfCmEL2ZyV,"EqRju8VYoShUPWAnVTZWiavaYwcE2j6gijiZd6trLQoG
CRWqr2EWhHcHHNRkzcpEeJNx3YCDGyfPXGfKLAyhGPJn
MFTEu7Qds8XoQz7mSt6faUZeVKjhb6zTFocMDYdkXjq",,0.3,0.0,0.3,1773863602,Torrino DAO governance vote:FAVOREVOLE:wallet:5C7wiRhLu6Mtux9uuK4QRmAvoWNuZf86kiJfCmEL2ZyV:timestamp:1773863600660,r8VL7y1X4mASqTV6rXdgLauMZXXnsLfjFvZU2zs5EiV5scSnNbyNDnsDNF8N2m4d56dpHk6Ltf1xKvaFKmT1KXE
9h5rHoBeWJNLJxVLzdAYcwWLBaV14YvrYjxNJqzoahW8,"Eafwj8t5QpwCPJGGB4YSPETpo9rDSajrsz2zUsTUYfyR
DR8KVRvxcKC9kcTwsByYmwsyikGBvTqcnmMUDgpPXca3
5xMjXq7iaicfcZxscn1asZWy61f5MfCV4sN39qBwtKvJ","Hknx12RLoYc9bv2gvkiYyxpjL47diRmvhjE5WtDDuC3p
H3W95cjVLCPZ7KrwHUSNncjMcEqQFnUwWE5VYKHqL2ic
36UiHGn3QukWzoSHkBNAseYV38d92UbqhGVrxLky1nw6",3.0,0.0,3.0,1773863750,Torrino DAO governance vote:FAVOREVOLE:wallet:9h5rHoBeWJNLJxVLzdAYcwWLBaV14YvrYjxNJqzoahW8:timestamp:1773863736578,2EzPjPWEX92XnvRAhuZ6bxHB56BBhm6aEGS7BCQSxQsU4onjkdyTP8Lo3MeDmbwuYWEqxokBvoREkwGtz95wSqEH
CJtKEFSaGjXhVnjgRSeeFBbQfsmR2aeXkcHrn1vJXAoq,J5hG49Stif7r8QEgeVUTsLLcpHdP1RtBi4WCDnUNaL5x,"5GJCuizKM2BdpiMXVnRF2GnVUXKCMFQeZCNZ6bCx6n5K
2GNkhMUmeduP5FqxipR4RC5x7s8BKA5rf1i89rDGN8xn",1.9,0.0,1.9,1773864161,Torrino DAO governance vote:FAVOREVOLE:wallet:CJtKEFSaGjXhVnjgRSeeFBbQfsmR2aeXkcHrn1vJXAoq:timestamp:1773864157861,2xXVeus8skzq1jheiKW45UDH4QpQrxevh2uVPoe3vcrtm6hx5jfhko4xQJXHAko6nY6UCdUW2sfLEMuxSy3wANaG
HQSQ43je2vLtBKBPFzGZNjVoHYWPSqH8FfhHHdS9j3SW,FUZG49Q391UgozvTZVUeL7NyDdok8KBhZ9cj9kCwY8Fm,BWp4EVWcifHpaDcpdqdwKxXmALMmNMU7ns7YisSNZMcx,1.0,0.0,1.0,1773864491,Torrino DAO governance vote:FAVOREVOLE:wallet:HQSQ43je2vLtBKBPFzGZNjVoHYWPSqH8FfhHHdS9j3SW:timestamp:1773864489608,2RJttVdAXab9hmJmrSCZEqYpc47gTHAvqGELrrxgmx3RX1sbE733AGsZSCPY2nn5nBowDAySNyDccrSGop1UifbW
DUy4Wi14B7oJ8rB4qQuiJijLZWifRmEA6xz88uYfE7V4,u1ga6wWzjbZignfPcnTv9d94WNyjc54AVyiSdVMYkXp,,0.1,0.0,0.1,1773864516,Torrino DAO governance vote:FAVOREVOLE:wallet:DUy4Wi14B7oJ8rB4qQuiJijLZWifRmEA6xz88uYfE7V4:timestamp:1773864515493,5iHz9hCok9Y9Cp2KSEBNoiUVG1nAJAmxTasHusqibrNFR5GfqAuryNs9wEtzrNkWVnoJ3ycNTHhmjhqK5x5Y1exq
CCZJw6MCpk7rR5UPXc9xq1xLTWYZfycwW9GEzvyZ7j4H,GKnW6ShBRPyG5cYUTaZWMvz7geDh26kiV4G9wQVR2Qu2,,0.1,0.0,0.1,1773864542,Torrino DAO governance vote:FAVOREVOLE:wallet:CCZJw6MCpk7rR5UPXc9xq1xLTWYZfycwW9GEzvyZ7j4H:timestamp:1773864541389,5C1RF9K6kh6Gg9W6hcXPnNrie16FZ4gPX55NFNxNtRPYpNKTEgwSvFKKnonfKFobA5vPT86nMqZnkSM5vx6XrAka
6MMddJpM4CXCE2fAySmSy9bjMjRUhgY7HUFHRh57FJrb,"Ecqd9pKbbiGaMfvWyWx5mBm6wARFKFqJjj2f8eoSDywf
8s2zRoyzub9XfaFah6GQcf2CAHAB1RCr8fP42ZdNxEYn
7Fegzb8YUA6YFshy8oFNcWvYooQcLuGRGKixttmxjBdL
5zjwAqHeUtp7bpbv2g5FPXTgQVy7kHgfGK7GM5GqfbeM
3LobyjNwhzNuhGaKmaGH9cHQU2CgscPNFn2d2i9uF7DS
2ErMSGpjRsuxJEh9PYkxbzdMYCJ2DhKokLFThFxZST5t",9PkjWS2PsCjRQs2cGJzh4KFda3XiATStgp8HtRm4ogwY,1.5,0.0,1.5,1773865104,Torrino DAO governance vote:FAVOREVOLE:wallet:6MMddJpM4CXCE2fAySmSy9bjMjRUhgY7HUFHRh57FJrb:timestamp:1773865100371,5JE6xbYeP4UB8cPDoemMcSUkhmh1g3r4H72ZT6mC8rXQW36WGgbcv99rTHRNGqJtDYh59S8GiwgX9k1pgVZqvYbi
3HnXg3W6gZTKscWmiEV6WiRkTZxHcgAY4LPaA8BN5TMV,E49EW9o1ex7qQDDYB9FJaubVsR1snCGSp1zoxkZwwC8v,3Mf6GMiEfrdwvFefEc5rPWqGgPnQ64eYTNBNdAnt8eHp,1.0,0.0,1.0,1773865752,Torrino DAO governance vote:FAVOREVOLE:wallet:3HnXg3W6gZTKscWmiEV6WiRkTZxHcgAY4LPaA8BN5TMV:timestamp:1773865748512,3W36fM7ya4UuCjr3Jej3niKfyQJMCeUerEXV2K2xyfdJWhkqpGrbzspwX4GCfbAHHp1hpXWt4n3bgpN2bTQvtjNx
7AsjAA6YPKQQmBgdb6CeSgP3cQMVq4TxUszguox7tQXE,H9QB3p21yasGjBxVvRRqfucsRWdc27idAxDypnYesdno,"DZE3WP6u8jmiDBAGtKdStRvrWGkZDzWBVxeU9LsgtG9J
2fvEbUVcQvhiXFN7hFTrRYaXHVcnScuMdTg551hQqKXE",1.9,0.0,1.9,1773865838,Torrino DAO governance vote:FAVOREVOLE:wallet:7AsjAA6YPKQQmBgdb6CeSgP3cQMVq4TxUszguox7tQXE:timestamp:1773865821656,5xyKzspn1uqegVQuT1avfnYmCHDSWX3ApENfvceQHyVTVdy1irupb1eLNtMo2a8ZpNEMMj8gPUE2ZcHKEF7MXCbY
3T1LtDxYGdAMm3mEb5MjdpLAdYXwdpFcXur8CBaLvTDc,,FhbTHPgWqYe4YtrgWK3qVpceEzbBNsvGmLdJm6PSgRA7,0.9,0.0,0.9,1773866031,Torrino DAO governance vote:FAVOREVOLE:wallet:3T1LtDxYGdAMm3mEb5MjdpLAdYXwdpFcXur8CBaLvTDc:timestamp:1773866022396,5PmWZqd5V3tX6ajMQnmMXcELSQL86aiMxWwN71zMZzx6KF24tCNxhcCHvxHWpjVVqY2V914He1Pu1m2CMB3zb9QQ
9NNRhtE3pohqiGcNhRA43wxP4HyBWxDDCrGy3kURL39V,6W8iomSNVLN51zUJq4YAWCnpvxMW9eeYrSqoryqhWMKj,GhuvGyBZYQ1ud4GZcxofHnKG4BhDDvLgqhW7L1tMxff5,1.0,0.0,1.0,1773866160,Torrino DAO governance vote:FAVOREVOLE:wallet:9NNRhtE3pohqiGcNhRA43wxP4HyBWxDDCrGy3kURL39V:timestamp:1773866164503,2YAspn8PyWY79ozaT9BU6nE8DqZhPmtEC1kJ3CNbhrRKSYQWA7rrRzfwnDTEhRjR6TBFbMv7FBZAMAZQbscss8N2
EAb9qK2rJwZZb9B6RhjZ57c81aoubvupYtidadQCzoCL,akbqaRgB7wDo98Dr64dyt3KK1cgc4XPcKoq4pM3jBBw,GDa4ne21GnUCvepT4bMsRguZ9f8r9DucsJpAMqpXjVkJ,1.0,0.0,1.0,1773867262,Torrino DAO governance vote:FAVOREVOLE:wallet:EAb9qK2rJwZZb9B6RhjZ57c81aoubvupYtidadQCzoCL:timestamp:1773867259672,4NFY2T3Uf8p89kbdiVjikfx7tJ6TVuVTF3FUXAmVMi9eTriFkAkPVsrWQN97JrdUsEzaidGuqZxsgmGg91HMfnCE
7fyNWpGbkdLgSL4aPBSWvDw5bgGuPitid1mX8TCgNF4S,5uLqQMPc8VktgnkjzXFbbS3wSoaEBhxdBjVqNuUW91TJ,6KBPzSgy3fHKca9XQLqdjcntFvYfkr6LJXCXp3ugmK8t,1.0,0.0,1.0,1773867770,Torrino DAO governance vote:FAVOREVOLE:wallet:7fyNWpGbkdLgSL4aPBSWvDw5bgGuPitid1mX8TCgNF4S:timestamp:1773867767188,XAKcsDt5cc8uH2iywXbfgsskTQQjL7FExQ9ht8aeyuDUnQbVdBkSwn15kye885frfCjFG3o1TkQvUnEqqryMDzs
8eqjfECVkSzeXxR5AZU6ePYRsKWR5AEaZEZTkFUb3Y9o,CPuGsiGGVTA61WzwMQrJiuemrVYMs8m3hV4kVXYPFbah,F9pXw2EX4zjteA8NEinmMNXCviuvHWUYF8AuWhWzmj7d,1.0,0.0,1.0,1773867907,Torrino DAO governance vote:FAVOREVOLE:wallet:8eqjfECVkSzeXxR5AZU6ePYRsKWR5AEaZEZTkFUb3Y9o:timestamp:1773867904048,48m9zQVfbHZjs1KfuWzXVki8XEfYdB4QtAfuN8UUFhu4d7EdtRSN6D2J98P9Vh3exbBh7ciaUF9r9jPXeSxva6b4
6NBLNXJ9W9VRuyUpy8HHZFVxS6zNAY6zzm4LEgZmURyH,9PbgTbwvrbf2iLH2sqTh4BSsE2fufrf9F1XaqQSWHmA4,,0.1,0.0,0.1,1773867952,Torrino DAO governance vote:FAVOREVOLE:wallet:6NBLNXJ9W9VRuyUpy8HHZFVxS6zNAY6zzm4LEgZmURyH:timestamp:1773867950479,44LeQRYa4sHKLD1doJkPvnt5MgkjhD6xpDh3XjsJtweySc57SwhE3Zvd54umoLBGyL9Cftjpudn1DiSkn6ia1sGo
GJ6HW7KGSbHsBeCkQwdPibsEc4YVg7W5hcd3wURwJLum,7qfeXfoXiXfPGhQScyMdCbdms8jk97KT2jwvhNU4rs8g,,0.1,0.0,0.1,1773868234,Torrino DAO governance vote:FAVOREVOLE:wallet:GJ6HW7KGSbHsBeCkQwdPibsEc4YVg7W5hcd3wURwJLum:timestamp:1773868230897,3Xh1eYvXBaQAY8Fc1H3L28KCat1GoGF4M324gphJnXFqHj3quF2R2phpuS7F3C16trRp6TGRUiy9BGQVV5GUbk7z
3LsJCimupuipzrCYfQvS6osSeJbzWqz9XnbNxNU5KFip,"F2MuUWeNTaXV5PXRR5jvShoaGwNaVp7qVf1RbME3VSje
D2VpA5uqU85MkFgk4kCJLoHVqZp7Xw3mNnAiTse1sRn7
Cq7E7XxFzmZopDdMxuUygiVG2cP2EmzPYbCSgK1b5BFm
C8FENW5QEEHWxmtYQD4LHA6vQwNdJ2xd12u1ofhUJpCa
9ejxtMkpojYjLx4FUb28XAEKiDhQsMZ8Bes4vSVU6Z3X
3a83UMmKX7LQ3XAvGQvL2ERcPqgkKpw5N8k9HeqB6gio","ApSx3aiPXjkqm27Rd3iddVGqKu9rbjrQCFGpiZHKprF1
AEwL7uytgu9gkyuWManQvgx8fkj5Moz3jyyNwoMS3wrc
2YN3YyfqYavbUnBtmcbF2zogf94PoteFWb7HF1fzqdvL
24owEoN1X5mcCyK6MG6dZ4u3nipqUfBh1kmRQjzJQg28
PW11CSgSStLumT6kYA4zgSDBAFN3FQSfPPGvF5svQfs",5.1,0.0,5.1,1773868263,Torrino DAO governance vote:FAVOREVOLE:wallet:3LsJCimupuipzrCYfQvS6osSeJbzWqz9XnbNxNU5KFip:timestamp:1773868229206,5T29JXE39FRyrDSWZ56g5VFH91rYng3gJNNqW6c4vSSBiij4jMDdm9XtsGCP6buUVAfrkUTKeikJp2Xt6gPLAJEQ
G96N2wBxQvV9bUeexftoTFaHbSs3xtmperXGmANyx4k6,"GpsgoRgPYiX1dJFKRZqu32wBcxV7wNESU5qWYWdcxqc9
GS3jan5YhbeJTKKKP65wpk6zCkE9uS1XRDuVZj7wFP6N",3VA9v4CEkrhgmhv188Td5asUQhEiHaUPuLERo9Am3FCf,1.1,0.0,1.1,1773868298,Torrino DAO governance vote:FAVOREVOLE:wallet:G96N2wBxQvV9bUeexftoTFaHbSs3xtmperXGmANyx4k6:timestamp:1773868289686,2hSCXCKdZDnGRWk6NxUB7MYct5GYuPpnLzJ5aTKCAJZ4njXee68s7tzhSWHyMVZMoAUCUnm24sThQ27Xns89NoZf
ABtqYB6rk3DidMQQooo6AyjGpoENae1gF8w4ry49KryV,BgV9eYzjF43HVmttxQdUajw7nXd2Rgjap3fTwKcdmwvV,739qveCj6JYNkmX1vzjkwzDoc5VxBmfpzYAJT28HyXdg,1.0,0.0,1.0,1773868405,Torrino DAO governance vote:FAVOREVOLE:wallet:ABtqYB6rk3DidMQQooo6AyjGpoENae1gF8w4ry49KryV:timestamp:1773868402833,2BTDoDG8NVTdqR3mdudsbyTqSZMY5wWy5Cky8CcNuw7rSKRx1PeJ3LdEoccF2C7fmaTtwKLKcFMfhzNPT7BZ3ntR
939GbJBoLnDJEm3vY43jgm9ma2sz9342ZQkeBSUfozdZ,3xqYm7umwkWocUPwiApy4CpL5e181jkGkS34eRDPxiQa,,0.1,0.0,0.1,1773869085,Torrino DAO governance vote:FAVOREVOLE:wallet:939GbJBoLnDJEm3vY43jgm9ma2sz9342ZQkeBSUfozdZ:timestamp:1773869082614,5F5Hc5tZr83XprD4QujTwJcAodMLtrSeKyCRw6KcnM9bbgpCdiDnrZWoGxSqKJAuiUxsX2vL4sz4yzFVt6eK4RPr
FHFUqsGWK23cGCQqjXcCZ82vwMjZAkzMzwcPTYWhbzRD,,"6UJ28w7CN8CrcYCjiyAA7yaHdKMR1eaRKfRmDU7JDsPy
5pui6547Ke55Pw9Cr4GNtzvk7hhffPmsn8mNQo6vf8KU
2xMd9Ghydr5ZsnjSrbrkayhJkD61yQAzxUX15126Kg9x",2.7,0.0,2.7,1773869138,Torrino DAO governance vote:FAVOREVOLE:wallet:FHFUqsGWK23cGCQqjXcCZ82vwMjZAkzMzwcPTYWhbzRD:timestamp:1773869136748,2EF9BuVLsjB8X2yAm45cVzpMPkEUSvBiFHYsqntXNiuW8zar1UcFdyC1dnRuK7CVVsLdmJbpHGEFq6zzTedSqVBC
Da27wk56okQLQiPdvP4uMaAVHcJQ1xZdCyzivzRJxRDn,CeqBujk48myZEUSarv9uPNhqe1sjdfQ2Y6EPr6P3Sauw,,0.1,0.0,0.1,1773870075,Torrino DAO governance vote:FAVOREVOLE:wallet:Da27wk56okQLQiPdvP4uMaAVHcJQ1xZdCyzivzRJxRDn:timestamp:1773870072323,2nTQFxFQXenPgdo63J2hei37r2EjwcsPAZ15NxW74uu5Bed9x4LR1opgRScUoz7x2WmSf7YgqdeAJHGACcKeWnFx
4YZNKYvnsbCYvpjDaaXeXWqGMPsvX1JWrWnwre2SQ59t,GjPZ6Mrr3iQLDeZFWT6r3BCYsGx37VQQAAorL9nDeJ8Y,,0.1,0.0,0.1,1773870883,Torrino DAO governance vote:FAVOREVOLE:wallet:4YZNKYvnsbCYvpjDaaXeXWqGMPsvX1JWrWnwre2SQ59t:timestamp:1773870880717,3EfZWMcDjyXsqsy4RZ5h7RgsY4eDSeMtF2V2Nn2G6ZJgRGvcUWJjE3Hbas42EmXx2trdXW44u6wPuXYeh65RxBbQ
FoaRh7h5Zk6QySxf1FuSmVNAt3uzQJVskKpn7zwHFvZc,BfCvbyN85kkZttW83r95Uxsv2Vxp9fmPGTP41j661wuC,GNHAxMteWs3PZr3MnEFf5fnd3SB1vTCGYDSxyEEpeQNk,1.0,0.0,1.0,1773870920,Torrino DAO governance vote:FAVOREVOLE:wallet:FoaRh7h5Zk6QySxf1FuSmVNAt3uzQJVskKpn7zwHFvZc:timestamp:1773870918933,27XJM6kjvjoGHzxrJc1ug98tourUxhVjuZosRo3CrTWtbyxH1e4emfYQYTvnu1888cgAjZAVXumjDarFVZ54oByB
2YSLfhZejPKXYCqZF1ius5kDVkcztKBQGYUR4EhiVm8A,FSTCc3kjyxoSScQBQnCgpek9ndGfaHmXFJrQpn98UNE1,,0.1,0.0,0.1,1773870943,Torrino DAO governance vote:FAVOREVOLE:wallet:2YSLfhZejPKXYCqZF1ius5kDVkcztKBQGYUR4EhiVm8A:timestamp:1773870940615,mXewnrsB6YfEWHciDoUN8tDL516w1Q9pDsev7HMAqCDApzfKEWdbAwprT2Nkc3YFFR6zq37Coegzw144yMp3uoD
5yay41FtBV4j54sha3SQXLftdGBqkkzUXqVXaDWavBWv,GEcx7w9zXKvaPFJmqgiGZ19oxtdydky2hzdd67A76Rv4,,0.1,0.0,0.1,1773870957,Torrino DAO governance vote:FAVOREVOLE:wallet:5yay41FtBV4j54sha3SQXLftdGBqkkzUXqVXaDWavBWv:timestamp:1773870956083,26NrfdVPb6TWHLbTrfMPBnrvdHp3SfkXtmAz2a8BZVd9Muok8ZsSEknaKa7xYwTB7iwDpAEPU2jbNHhNj7qCsjU9
521dAsj7fpgFHrZX6speo3NSBC1jppCohNc5KDJUpF9t,"HQEfJDeF6ztcCAT8eLhtSCwJwW45QKqG4weXkC6ebNVN
BAeNiG591j414JPjCRFdAXqanxU9Ai315nXU4HVJqwhX
79GvakAAmL8h7eWDDHaS4TDz1f27MkNcWYnrzTT39LMp",,0.3,0.0,0.3,1773871286,Torrino DAO governance vote:FAVOREVOLE:wallet:521dAsj7fpgFHrZX6speo3NSBC1jppCohNc5KDJUpF9t:timestamp:1773871283439,2waHJyhTbvD6vqgRC64wb1sNpWuWH7m9V4MTnE2g4ofuUWgovqMmF5caHpR8M4qgeEDw9yjGKCXz9jpWQMmgpy6y
AgMUAgjMTdC8LC9oEfaQLD8zotnbptVk4bdh9prhns4n,Cy3azn3AmXFgtD8MVjLUQGc8c47b7PQKGck2eTfFnoue,HFqVy9vxWzweenawYasMhiL7nRTqpSmSHHSKPLZ37cgF,1.0,0.0,1.0,1773871367,Torrino DAO governance vote:FAVOREVOLE:wallet:AgMUAgjMTdC8LC9oEfaQLD8zotnbptVk4bdh9prhns4n:timestamp:1773871363512,EvGjpwB1fWwGXR3RZnAgogrjpCdZiUEhnHbMSaVzWR9HzVdnCeBtCtLD5zLaC97XP4RMvf447Ye8rDT4sE1cpbb
9TPLMQkvQF4SaKVgvzQbGwjRY78yDw3v8zYHdjVdRcu7,,7TVejdbDXTrhg7MhpMWPwKGvoxR98YpGqVqrH9gAySJp,0.9,0.0,0.9,1773871388,Torrino DAO governance vote:FAVOREVOLE:wallet:9TPLMQkvQF4SaKVgvzQbGwjRY78yDw3v8zYHdjVdRcu7:timestamp:1773871385095,sA5FnvVRATgPfvmV2C3zp73JL2kAtsN1TcABZrxK6XY7PTMtgHeCXr5mqfxecSj2KWcBcZU6nAPbshRLehyas3Y
ABeMAwR4qTPV2Deczu4QfmNxhCcpqAyjQbT9DK67hGyD,"FMXEtNWA68EjM7Hib8FeSRERxx1h5sciQahCTB3cjUso
C7rcaXej8SdeWTaqjDFTaK4e9pkf6JiSam81WdmaYcFE
12FnDj4TDrdcFstv9TmpvqL586RwHRQc82V7qjY15i1U",ATfM5oKCDUdyCigyzPozUZq6LthURBJJb7cbPzYEh7pj,1.2,0.0,1.2,1773871461,Torrino DAO governance vote:FAVOREVOLE:wallet:ABeMAwR4qTPV2Deczu4QfmNxhCcpqAyjQbT9DK67hGyD:timestamp:1773871456785,G7EGRgivNtPRMZefV9fFRwkJ9Yit5M9DY1755iaf4tdbXY4wBPZgs18oV9wXBtUyDhQsEWL9bL6jtNE2hKJqySg
F34DbiYChu5eTLLjJjrsqdka19aSCi25u7K9QFnPMDys,"GNfshMHvVxTf8ZSh4UDqP2L5FGkSzckR1pfr1fm5q7oa
DyFWZq1feu1F8kNKEshbSBC6jTs1a5YYKQycWsFRMxCc
CniCMAYDoYpaGeZp5rX7MFPU6HS1nm18exw1wX76v7hx
7dkAK6YtYaRQ6EDqhHpw4r3vrhWSrfBEdYZoaPyQPhxG",CFQdewfsZcnQs1jfuVf7f2mNY29e3TpRgDohQHa4cCgF,1.3,0.0,1.3,1773872409,Torrino DAO governance vote:FAVOREVOLE:wallet:F34DbiYChu5eTLLjJjrsqdka19aSCi25u7K9QFnPMDys:timestamp:1773872405798,5uHWtMypPFnE8avSA42xeT7dP4KTEcJA5s2MepZbLJ6aQJm1PL2HzKQUp7b41KA37Gudor3KGouswthSUcu4VDJr
3UDFTw9CdN7JwoKPQnK32Q7Lihgn3A7exzTmKWd8XFQC,"FoCGG8Any6s4zXE1Z5vbKqtn9CBPLRYijt2VyLLqVjhj
Bs2NTTSxMLCYLPdTWcotipHXAoVxuhQmw7gM2UR988Am
AJrBdoo5LcRRwQStuAUjTzsWQEDBuJcz3H6oYJ5vyZrz
AEjprhPVR6rXgK7Ud4a6kq6UuS7boHUmiNq4woMPzudp
6BFeBq8a9FL1aCERbJjHhYzneTsfBb1FE4YdZR5Ynujt
5RH7NPB7CVJ6q1jZwBrjVUnkFgxrVavHNK8tuyehHKpS
4xGbEwMDdtNBMb3gMtT2RJCtVFpPA98Y1vt6egbzJ6UL
3uYRmhJAuugb1b4D2edRhDY5JSBnGSmpJqTgFYR6H9x7","CgJa8WNHDrUW3dje3aGuZtE2upKY6LAp4W3dBucMsNeB
CArDY6jBkQBEaCd3bHQoa52XkxrbL9fMZzEiDfd28ggj
8YXRNjCk7CMLUDKqh16Ck5mUHHuLyrhLSbooHkMCoJ3Z
6k4HQL2QKQ2TwnxH86osqz2zY41vRSZ8rq9HZccEAymU
rQERjx2i4BmSqpQnh66hXXRDhhLWFqS8Who25B7BiCr",5.3,0.0,5.3,1773873014,Torrino DAO governance vote:FAVOREVOLE:wallet:3UDFTw9CdN7JwoKPQnK32Q7Lihgn3A7exzTmKWd8XFQC:timestamp:1773872928527,4vjypHaKai1gK7sNZwgPv3zy1aW4B9imYffz4Xc7GBiLKQRjCqr5K593HF4nPeYUQKSLfFBrVnkJtGMYLVBbdena
33hfSk3DwEidw7TyGS7FsuQq8GqrX3gz4bmsCquE1dJ7,"HV763GY9WibQg3KjLP8g8jTytvH9Xesh4U2ptYas5zL8
DHDCTpYZQRsVDCLkfHJ53xoY9AJ5PPnRdz1rTUrPnWJk
81FtVH6yCbDefBoGJwQ8cQ5BC3tcwppYwhpUF9T2WQSy
3k85ijfJHnKK8woek8gig4KkrcDWAFiFVewMBoVEYbmr",5fb3LGuLh4xjJciQS51hW8PJoTpWYQM4R6AA6mdCVFvf,1.3,0.0,1.3,1773873462,Torrino DAO governance vote:FAVOREVOLE:wallet:33hfSk3DwEidw7TyGS7FsuQq8GqrX3gz4bmsCquE1dJ7:timestamp:1773873455576,4sRZC1sVGDbGadnC3tw2PnJqduZMS3do4f87JqvwFZsjqzS9h1bEcWB6dmWgPpsQrUJLxPvuy11CDYhCB6gFRiTc
5X4m3nXWQhiPbkGMukYdeYca5Cq9n2xFfeKMS319eHWV,"GmMPLCNyQbayoe5UVNu1o5NaT4yX1QJ1ekt3HxMXdFLP
GXTBJK2zsT5bo2mFeq86zq6gvuqso3wEgdaFXKE7nyz5
GC7wfAccuzapS2PPZWmfoNqLhEXomnMkpYEY2mooVXrP
EoB6HoywxgzwU9sqAwRosTmpvNibG1AxNJ1jybynoCdN
8WZN14KaQ6kJYKLcytnENXiiKTBkDCAnjmiHHiNvEfRJ
4WzxMsroiNjbFPhyVDAxepaCUbrRHJrPLzTziF3yKBbo
4PsVVcbKi5SsAVSyW9qbWnZAcoYaYSTBp5HJ9XuQUdVo
rk4zZzBns9heev2pktGm8fieHrDzYgpvi3QaLZGmcBP","G63867D7TDUbLwtVUJ7THHhNLmfC1EvHtC3UpWxzgAjg
EDPJBeu57QDPdXqfTkyiiiqSj48ioCXPFzpccaRWo7JW
9PDDjEW7wy5br9A1HmXjnfuYVkQhF9yEWcyYBSHdzx7b
8oTrozJoAyZXyJRfX6vJis6XJrjEujLEZSysPMgABjrp
2mHZBw4rhnkuRsvygBdB6PmZKhUCmBL4DSdcCtZqaxNH",5.3,0.0,5.3,1773873650,Torrino DAO governance vote:FAVOREVOLE:wallet:5X4m3nXWQhiPbkGMukYdeYca5Cq9n2xFfeKMS319eHWV:timestamp:1773873649193,43mpao5ZvSzwxaYoeirAbupKud17UHKrYvuesDvBkcqafXVEHBsY9F1UtUdr8LaAVZhrmcomVoM3wZrg3UaPXBd1
6DmpPnvph5LjAzfhSFxg26FL4SHJEUAttAmnza1S1iLd,"F4baiV4fRuAmtdwLBYMVhQJsKAJ9CAPuXNrB9617ruvh
8VwRHS7Efcxa2FWLw2jWKW44HEDLMp6ntD4ENfmBYCpg",3x6RnLTVd4UF6uZnHneVv3FBAHDcHPpJcBFwJn8cZNEY,1.1,0.0,1.1,1773874276,Torrino DAO governance vote:FAVOREVOLE:wallet:6DmpPnvph5LjAzfhSFxg26FL4SHJEUAttAmnza1S1iLd:timestamp:1773874273914,Y8yHAdP1HMJEg3oG34m9NvpcAEHk559pspGVZJSeUST5mUk1Woy8tHFYE6A8ej6zYVad82EMfxq9tkUH95QHiyW
3wurdijwPJtxNZsxVVVtqayRFJfFB7jGY4JHXnPbXcAP,DUtAJuiqLRj7ArAfAYGnRNmLVqWopVJ1iSSry1SiYZGt,,0.1,0.0,0.1,1773878986,Torrino DAO governance vote:FAVOREVOLE:wallet:3wurdijwPJtxNZsxVVVtqayRFJfFB7jGY4JHXnPbXcAP:timestamp:1773878981472,zoGc4sWkrg1QApinJvyn3avuTAWDkwwiiiB1pppw9MLsUeF4JUkeTYi15TYyYdRFcEyMc2f3PccnsoP5EVff6As
FEBcvQsHUXB4v342pY1Nd3Fg3h9C16qw7Y7ipXaQmn5r,"DebgLHyYXxkfhfYkMnJNAokv9DknPx6LJTJvGRnoSH9r
Ay2Lzy136Y1zGHE8mCyS4AitJiBD6bxj8QN8oVeKGySx
67Ynys9PHpebBe8VzQQyeazH5tnYE7xBU1oTzyCp3YUE",GsMfBtGV9AxWadXWuLQsH9BVbfF8irS2k357jfS3Gs8q,1.2,0.0,1.2,1773900676,Torrino DAO governance vote:FAVOREVOLE:wallet:FEBcvQsHUXB4v342pY1Nd3Fg3h9C16qw7Y7ipXaQmn5r:timestamp:1773900673815,XbyiqsXFaUNLkKPxsMnbybodWFcafJsjhF6wNetPm9rwuLEA7JhfCLEcFaFf935ZdDghS68LDUDdypMwzCQ9i36
69Z69DhgVJsQks7G3oJcUZFkXVwSqSspbaaYAY5qtX4z,CvJvbS3mp5jWfcDaQZAxZXk8PM8cjCeh5hS4kescjGMJ,,0.1,0.0,0.1,1773901982,Torrino DAO governance vote:FAVOREVOLE:wallet:69Z69DhgVJsQks7G3oJcUZFkXVwSqSspbaaYAY5qtX4z:timestamp:1773901979679,eYkG3xT653vnmftdXqnwebUfRZ6K527e14oxuE9nkFZkc5DpEfoA4jXXtEsZy493Xm4SAq6zDQRtQCrYMsK8HbW
85jTBVsk8sDA35LocJdTh41EN2Eep59RQ1jUw9EExsCw,22nYjuJhonLHSnLaZzoCFuJoEPr2Sh2TUEeLDXBgAZ39,DmBFZuqmb6TvSrbm8b3vbwwpddpBcU5PNefwfrNcBpjv,1.0,0.0,1.0,1773902508,Torrino DAO governance vote:FAVOREVOLE:wallet:85jTBVsk8sDA35LocJdTh41EN2Eep59RQ1jUw9EExsCw:timestamp:1773902507899,3TmdC8XbXputWbVFY427wdXZ5WwSGMrLHyTPejVRoFoaLC8HUnofB1ZcgepiSjTpM1yZ43WJqBjFMZhReQtDgf8X
4s5x4SrLTiznSpJYTVLTKAhekaV8mkBTLDTi2FhmHr4H,"BH2oi8yUcGCiGs4BRLnnFSByNvEMzsSniWNMJ6ogNiJL
5e6p4swhPcMiXHmRfWVbCCg9TjVDZCrtj5cko3oUswa8
5Nt9nSu3X66hUgy5D5XLfDE12xGS3tVnKTPqRfEsqqdV
2tm3hWiRoRKqvUkSgdGGckMQiPh31s7cxi32MLGwttDB
R3Rp1EAtfyfthq6wxShToDBVNhHfizPkqpT7BnFzWsK",8CG8JrKgfGri66eXPNJL4yzeweGwzwAnDxtXPKqmxFvd,1.4,0.0,1.4,1773902717,Torrino DAO governance vote:FAVOREVOLE:wallet:4s5x4SrLTiznSpJYTVLTKAhekaV8mkBTLDTi2FhmHr4H:timestamp:1773902715628,4ice8x9V6mqGtvhg4bS8C6uZuyt9t7UpXzzCnMdYAzbK2CEL9txEwyygEZL3EihaQtNLyYQcrxcZUnqc5yx2DiJN
9DPskTxSJK77xZdjfYaFwLRwLA8kytqPRiGZRPr8UFcf,5xn4jyjXpcEAJGgscRCGMPRw2z8mTf4tFVzQmpWbdX9n,EX48u1a7QtcsWKLMBRfKbgAt9TY3oFJ6vBsys5Xdcgj1,1.0,0.0,1.0,1773902859,Torrino DAO governance vote:FAVOREVOLE:wallet:9DPskTxSJK77xZdjfYaFwLRwLA8kytqPRiGZRPr8UFcf:timestamp:1773902858672,2yfwq1rUDKT9meTh4VcDy77EDgkVw6JdwEgrPL4tChQxstuq7gMc6UX9X2p6z3139mkJh1CTo4HybWBdTyF7Fyu9
EfxQ2GTx6xR2ypVE9h38ZKfdqVYaztHoMgMJsnUkKk88,"Fh3GjYR8RdtPc975fxzJqoj2UwDWM821M3WwGGJqvbDL
DREkVfc8M4az5h5j9daR7NDfVfBXEUKnjD6oVFNupcrD
CmgNmKyqxhbzNJ8kAHEqUCULYJ21tdtmWR31Mn2dvuL2
7yvYV8Hs5UdoLAt2qVYbPYLxYtgLxNoWTAJyWL2TWQ8f
4N3dDossoVKTNACW6q8aTq2SxjLhMHJSwMM9gWM71Gfq
ak7Heigt5SEkDWbmtiw6Sdebv3LFZKwWjsqQYEsMB1A
TVsWnf8PkMf9BQfMeNMsE6fDsQFeiTSXsjxEmdMpCii",EA1EkwhhRGVye1jvawXhMp1qR7ciGkZHtBsuenJYdL6u,1.6,0.0,1.6,1773902896,Torrino DAO governance vote:FAVOREVOLE:wallet:EfxQ2GTx6xR2ypVE9h38ZKfdqVYaztHoMgMJsnUkKk88:timestamp:1773902895498,WfoXaXKY9xuuJN6xNidYG7rBGBgwCb2aRfcabHB6gsPW4eSG8YUPnvvgPrvfuRPUcnbhvGGFSLZKXbrXE92zB2v
A1ZaTZCRUWK2xHM6FzNnBeFtX3jAG9SaWByLwVaXgE59,4cptecZjkhKZ3KuxRRQijnrVFDJv3NxBDYHTsf39Qq8k,"GNVhHgacz4ZNShafQGFPFX4rSDHktdTSrpy1UCUyBCaX
Eo3MRoqkSvYEwJKSsqBEuPozQ4UoWrZxDqvbxJUDnxLt
EFW4JQYcffJAfWmn4A6csaiNw9CZpCjZrujrRDPTehHc
eGwAEdJufBzfbLbctJNjz4D7LjNWiQm87cFXBpELU5C
8uLDcPpyXhc2HMVXe7cQtuiqqJUd2ZHL2HzUJRReoxJ",4.6,0.0,4.6,1773906955,Torrino DAO governance vote:FAVOREVOLE:wallet:A1ZaTZCRUWK2xHM6FzNnBeFtX3jAG9SaWByLwVaXgE59:timestamp:1773906954508,4HUAXFcSKR7nbiavWffZYKGAouVy598xUMmqQE7RNy5KRFtH5BZDKrH1Wx5SLX3fmPe5gzRgWkJnSDHrqkoYShPU
8G7UMpNpwKYKghju4etVkFiZyNgPegBhPRsctPWHg5cL,,"GQUSkpDEnJ753b5L5gAaroYspwCMMitJZBV1JzfG2PZh
GADMXK57QJ1Zgya6b3dMKpgFswfdQy7XpTwa7TWEbTkS
8uMfcc5jhSxbd6DmDhXK8fmbPxjXHtiKjQXUqkgkv91t",2.7,0.0,2.7,1773906995,Torrino DAO governance vote:FAVOREVOLE:wallet:8G7UMpNpwKYKghju4etVkFiZyNgPegBhPRsctPWHg5cL:timestamp:1773906994043,sqEzwafknznVuo29HSgvS8FnYByiwBQNmyxi3rJey72mKB8QNRmvkDF54ohYfV34xqM6HDnAZhbE31evCxkmosA
5YVmAaJAnUzZE7vBSiPT9p6b5ZcCsz3RdN6ic8bQ2gPv,2harRvn6arVGYX3BR7kYBRaosPgTT2q3K8t1PzAVwevi,,0.1,0.0,0.1,1773907334,Torrino DAO governance vote:FAVOREVOLE:wallet:5YVmAaJAnUzZE7vBSiPT9p6b5ZcCsz3RdN6ic8bQ2gPv:timestamp:1773907329147,443vY9MQ9xfsHYqXAMkf9tCy1foMnZkCzAAixuswrywqfMttf5MtQzVpJ1EeqtfZuptWKCnacT6XL35zLaKfSuia
CRNmckzM59K3AYUUob3s78boZB1NtzmNBrtuy4bMyCx4,,"HD5ure7NaEQyRJxbxtZkc3VPYNxfi6TDgwhEKbr1jbeX
Fp3aVdSYRHo2rYzzPyHrwhTpPrUgebFXi6UMXrrQdrUb
EP1FgYmz9921ABNJd2ni1nYwKYY7fFTsKG9BBSQZea1G
EGb87cKW7Hjz3ocTuH2qY2vkRX9MECqEVJApYibgezLD
Dm4XG1kbkrwdnpQDnzt3JZnSa7sSaM97xHEDTN6ekuxA
BEKBoE7Pza26qMw46rn9wrqw1szB1nAvunzYgZU627NV
Aunsb3VeUHDESkb7N4WpmaWepw6qbyWxdF68fo26TGT7
AUingCcSRow8vsf9H3BNZuTeAnE6mcULyNFCXcUKAnpT
AGWdKFNS6PTxurXjmtvEyaGSx3qb5wssZAzNrawe1pLa
8EXkpgj3JeB1uug91YSMof9MrjgjYySnYU6ZjN2AhHHm
7AsMNFXafvKypfBQYB8Fiju436YcV2ACy1EAQkBVx3bu
6ALqxRCAivM48moD1B5PNWseR2AdSsMuCkjwMkFcYc3y
5nrMzZZXCEsP3qcUJcCmW1MnHbGynDkwETB6fy4dnuWR
53hWi1wE2w6PwHhFLbDoKPhsXqtWoVYvXYCh9avVGpG9
4tud74UZG1XjDYPupF1cKYpYiNTkeY4V4y9jDFmnW5U6
3yHCJXqmnPHFSUZQJrVLUtXFmLqhk3kjxciGGBEkzgRu
3c3ujCi33Tu5hjVAmPwNMZES4sdhyzovCkqPLc4YjnXh
3bMTDDbZJSGhSK2Lx3P3UC4EEvzoEDrHSbVvbq2847KQ
2WdbQFLfvq3nAi4DMrGndTxTKtM1g7QgzWJVbPJpPXKZ
8PSCY9Q7msUXm7coGGL9NcQbq5uL51scqrMJw3pjd9o",18.0,0.0,18.0,1773908786,Torrino DAO governance vote:FAVOREVOLE:wallet:CRNmckzM59K3AYUUob3s78boZB1NtzmNBrtuy4bMyCx4:timestamp:1773908766614,4mdX4uSzpCeN9DknVuCAbu5DYYvcGnu5JXnBKgmjgdKqMvBobsR86teuxkH6tErGGDNneenNxPe9vbWDUhbStDqq
3KZRFcbBWjWZyYGg39yr96sRyTE6hCXPdasT9mHUWHRk,HMT7ZmuW67zLRUCTkdVEkH62fi7An1g8TbrTF8EiT5bo,"8oRBxtAvKKVfpMeMoAB3Sxov7QC5feJfQ7wWjf135upo
3quCmMiovzjyZQzj6Kd8sQbvHfNmK8zW5y9CES4w4eSW
2W1jDVBCLhLfwcDp2LMRQUPwUVgQE94ED8GJYK3SCJsx",2.8,0.0,2.8,1773909205,Torrino DAO governance vote:FAVOREVOLE:wallet:3KZRFcbBWjWZyYGg39yr96sRyTE6hCXPdasT9mHUWHRk:timestamp:1773909200333,5Ge87WyrEcK1eKpByM2UwrBQs7LK1Tq6qUad1dpmG4Fvr9K1njquxp2WamLrZj4Y4GCFU9eboudgwTGbZmFuaFug
3Djwa3yvVHwMzEXonCzobUqvRx7k9RwKss48ATYTwbVS,CQiHG5cNm47UboTjpp2Kqjvb33GjzDHhvktB9uSuYqy1,"HvXLEuk8zPRS2TEvHBFrmLLGpwEyRyLek3FnNd213wBJ
HJZrafJJDdMV6qVAkgj7FmLAi74PSe5gh9fL9kect3es
CnUkEYfkURizbQa993EoK3Y9K5rk8xSbJyRvHdj14RCf
BMtAKXPxa2Zcp3G8tG45R3nrVo6uW7GemKRJLwiSw4xX
5jqqRAuP6KcrZPji2Tyazk4CiUFktBewfMcHntrsVENQ",4.6,0.0,4.6,1773912793,Torrino DAO governance vote:FAVOREVOLE:wallet:3Djwa3yvVHwMzEXonCzobUqvRx7k9RwKss48ATYTwbVS:timestamp:1773912787867,5zpLvqc1t2q9q15s2tRvC9LBowh6NtTeXGmEdXcPRvVivpG5Aew5BYZiifpLy6aGnUq53joY1nfX1FRurGZT5hDm
EkmA2Bswj64tUzGaA1jkTuYXpakfbY6TfwC9FYjNKYHT,,GWynfVVVy7JipgmFb3h9UDZ6jE3t7NRquVCcnHbiYUmT,0.9,0.0,0.9,1773919146,Torrino DAO governance vote:FAVOREVOLE:wallet:EkmA2Bswj64tUzGaA1jkTuYXpakfbY6TfwC9FYjNKYHT:timestamp:1773919145023,5r5Zd3dFjdT69TnwC7QnJ7N3p94CudfRfNRhiMqVuSgmwhV3BgKYuLEJQxiqCh8cWosCBRWFmk94LfymEXPJxX2t
2ouoRXjr9wDteDvg6XLmBup9deMQgZsLfYt3HAGQ5m7o,Afem9XZ5vELhVSkdm1eTeuTu3nTX7VjMHn4mEfLQASui,,0.1,0.0,0.1,1773922983,Torrino DAO governance vote:FAVOREVOLE:wallet:2ouoRXjr9wDteDvg6XLmBup9deMQgZsLfYt3HAGQ5m7o:timestamp:1773922978911,4zK47n7Hr7qSYraAkqTb1FhCgZr91g7Fcy38EH7UvqqPeycEdCySUQuGRyPcRuCv9o8Piz3MRKSJqgQssuHvxpoN
9X9cdhnAYe95t5wiaKbpSz4AAfZKUrEsDe42Z25AFwZE,,9G476Z7AyJHjnyDdPxQNTzdyXxWv3cLkC61MzyrswTe4,0.9,0.0,0.9,1773928310,Torrino DAO governance vote:FAVOREVOLE:wallet:9X9cdhnAYe95t5wiaKbpSz4AAfZKUrEsDe42Z25AFwZE:timestamp:1773928299994,27pUAn57MQzAw18ixMNUGmb5M4k1WrPZpyjB4snPePtPWyjp2Bxz4gVxvJikJwFcjXPFMrK71cmA1LxZuzKAryx1
9jKZ2DwhtMJM5EmoZsrs24xzRH9wnNDVco7Txjz8iRBM,GnR8hRagn7LFPC2KEJ69x5vr6kyZRoCUCWEorj9uv3oY,FGHdzMNpysUcBEQjXv8RxEUxG6ajxXuBKaAg9eRqyDHK,1.0,0.0,1.0,1773936074,Torrino DAO governance vote:FAVOREVOLE:wallet:9jKZ2DwhtMJM5EmoZsrs24xzRH9wnNDVco7Txjz8iRBM:timestamp:1773936060408,243CfUFp62Dqo9HMP98HnCHW7V2bpznsSd5ZLb7EsmFQXKuZyVVNT537cf3eBL3ZCnR5rtJ9aFQfvUdn68DSxu4W
7wTsqpxqHgeZKwwDTSq2AD7f9MK8e2zTUeY9SX68rbvm,Fb4Rtt91f6zpohKTBbKnyTdjSgYLDBnsaEhqprhP9Eo7,GiV13Mzh46rppZiaefVaBUTbdaP4Jsmn9S3QLVniAzaE,1.0,0.0,1.0,1773951803,Torrino DAO governance vote:FAVOREVOLE:wallet:7wTsqpxqHgeZKwwDTSq2AD7f9MK8e2zTUeY9SX68rbvm:timestamp:1773951794491,5qk5TGKgG9ZuPpce1D7aaBManrdpaQBySteq2L6qfqwGJ4MmK23q5JHD31KgxatAS3awj6eLV9L4gisYQkFGKVQd
GDhWPLuhqWXAC4dh789s78Fa5rUBwQdf1VmxFkNc3MWh,BMQYxfSJwnTh5hT5RB6qqqeVuzHyiz7AZcJtNKDk3AxF,29paWxatxr6XSEk8stUkmhRUoTidiTZVgSkifHZdVtEv,1.0,0.0,1.0,1773951913,Torrino DAO governance vote:FAVOREVOLE:wallet:GDhWPLuhqWXAC4dh789s78Fa5rUBwQdf1VmxFkNc3MWh:timestamp:1773951908000,3pR7Ye4X5f1rbWL2S74TM9ErYedwF7WbUqkyko2z9AWArNMy9hFhhvtC2VvJf1824AKakjtxbLbd1QLPKjttagXG
5Umsk3qD85k6DmdxEQ8hnwZKdKFgVY78fxEeb4TTjDDt,9V5arFiRJzQ4HKTScGbqKkphXAWNLUDb7jyrc7tg4w7q,,0.1,0.0,0.1,1773952113,Torrino DAO governance vote:FAVOREVOLE:wallet:5Umsk3qD85k6DmdxEQ8hnwZKdKFgVY78fxEeb4TTjDDt:timestamp:1773952110144,57UhjDqP2d9WrPxFvjDpkS1evumnAcR7G8bnrQxBodNRhAHSPwEwVPpSgFQusDHNkiFhpKhZQXF1cXukjizzueZ6
9xXHPbnWetfbkbbpbe441EyqEeTofZbLsChaBB2DdaAW,BW7wWHqFP1W2ciBtAEPG4dLSTifCfM6LqmEC5yATsCRP,,0.1,0.0,0.1,1773952718,Torrino DAO governance vote:FAVOREVOLE:wallet:9xXHPbnWetfbkbbpbe441EyqEeTofZbLsChaBB2DdaAW:timestamp:1773952715792,2uuU7aXnJz6dweXBkoDa4Af7UtMthcdZxsEgeu3h8zQ6DzmPzL2wBRMdc153dXWJaXP1G6qo97jQcZBrzqFhX1xi
5E2FtamrcpRhxbvAubWiqy4hutTFa7t4BcV7QAXQfUgB,"HPigrUvuyLmfcNSyWBH34a61vFH39Rt9h35wTHpSPqU8
E6cLvw4uVTtq9BCVHvZWTr3mnKchk7HThKXvgmSYj78o
DVc67uCNSYYPoTWqiZYpVFrBdhiqCu88f6K1NGnH8ok3
B7kTjanfzjLWGsU4bhiYo8vPtBtpScYmPQ4iyycep6Xv
AiukP2QieFDnbdsBxNi1ZJicnA1ib8itjWKrv9SoGSAx
91iKTN4ZjfjNLopBtKhXd96HM5F88H3HDbG9dPW2eSUT
4tsMzuCgtAQkq75ELp6YrmgNGT7ZbBLWviEW5ew8Q22x
oNnAw3PgJL5QGLvAAdYnQroYBkrwREaNdNxPLTjxeut",FwkHa96frGywfHBmHjeS6AWGfyajRuYcuB1xZQY1LDqx,1.7,0.0,1.7,1773953403,Torrino DAO governance vote:FAVOREVOLE:wallet:5E2FtamrcpRhxbvAubWiqy4hutTFa7t4BcV7QAXQfUgB:timestamp:1773953401863,3eWEzdYFRCC6ZhYCUMtvvJHYS6air9dA3aeorjqWrc6NcvKMCTrAhNJcLmyVSPpZb3QBBpKNBFX5A8zAAPs6bqsF
DmvBkuaGogQi5eR86pipb4UknSRVBuF1K3QFkPriuNqB,"CmZCYVEohdrRKCcznqwKYDUeNqJZxLy25zs9xkGuYE3g
9Kfdgj4BsjQCD4uhzqfQzBtQ25Rx5XymVYrUobhZnhTc
53wfh7tTKDmMpNBeHss7nhjF9C2xT2CCBBcaM3pxJeX6","9g9DFET1o8Sf4bAbsLZSUuyr8XbW7h7Mwu4JdBxsHTh5
3XQZtPfsWs3QUcJqED6577sRDKmF7PKkUUpGcoezH9qq
22hx4NsuxBAusmgeV5X8vqWLR9oRFCx4Midvf2z6rDvQ",3.0,0.0,3.0,1773958448,Torrino DAO governance vote:FAVOREVOLE:wallet:DmvBkuaGogQi5eR86pipb4UknSRVBuF1K3QFkPriuNqB:timestamp:1773958439193,3Ye9pWsuaAZedsZq6g3KMJqT7tFgMpkYeyVu8QNVrcZwuS1BJaoxKDSMoufxkGAHKWTGp5DUNijzDSvbM859HsfZ
FyknfwVXkS2KrZzVSxBNpzjFoM8924B9ZzMxkGCp8e5H,"FHWemcebUxnRtDixU7v1JUmmFB8yUovPDZPEd3WjsgLp
9JBVN8VkePJucfxh1Nd9mmW3RN8ktHnsGf8rMHdN5mk9
5WWEZ1nMcw5PEpcPks8sqZiYtpEss6DoWZ8ThyiPGVYT
4gBqY7FAZcsEe7ZzBwJZCmH229EKkrbrLTqg1WR7oUPa
3okBpAS3joGgktNrHSYeaNwNafev2tVk1HMk73f5d72k","AGdFMqBNZonCSB7en6AqaBrccTcc4TEnQPi5pKLGem5w
5Gm2bReDQmZfGw1P8vPmXwVdisWoq6C4rA7tZoDcbQCy
2RMGUs7uz3iJqPMpqTqv9LeP1RRvZEvNXoKqfKeXq6md",3.2,0.0,3.2,1773958633,Torrino DAO governance vote:FAVOREVOLE:wallet:FyknfwVXkS2KrZzVSxBNpzjFoM8924B9ZzMxkGCp8e5H:timestamp:1773958625218,49m8JaVq2DJzmesVF8eCcQ2GbakTzadJjkN5j7BWCoqeZ6bn1yzDoJXMJtHfNecJygNYGZdP7RKsWcCJozspZD9V
BECfvq1vMzNmq9KkZge4MrutJwxdkdgGjqVMBprXxGXr,"FCnVt1DfA3QykHrh8fbFBrjgeF368Q9juLDTXvmCyCWe
8FDym3jAvXBRReHoFinm3P8woGgUgYmH9C1CekZu8gDg
3ekBW7Kp8XUuuHxn7y6VRLV23Lzz7yBefc77xdtJW3jP","GXjYdbnSvSkM4hDDXZHwL3AGAqWP916cdosYUh8NBdnY
G3TLRuSjbyX6gGcVub9pVbHHHnsfjaNwY1cprsroNpCz
937S8JKrUEme1LPLyxAVT11WrNomGvpNdEPP3dhT4QRt",3.0,0.0,3.0,1773958716,Torrino DAO governance vote:FAVOREVOLE:wallet:BECfvq1vMzNmq9KkZge4MrutJwxdkdgGjqVMBprXxGXr:timestamp:1773958707399,48zNhuKd8a6VfHdHvo4YTGf9p876w7HGjKdyDf3VAauZM5FxRfn8MU3k6EsmTyNpa1JUZ9cXBkCnDHq1prMD2Pty
36y4VNhivhUiQUCQcU457Tm23GPsuwQqooyQhJoGdYYK,Gszk2nArktZvvPB8jCoYSM6N2QBCEBoh4755JopUBntX,,0.1,0.0,0.1,1773959787,Torrino DAO governance vote:FAVOREVOLE:wallet:36y4VNhivhUiQUCQcU457Tm23GPsuwQqooyQhJoGdYYK:timestamp:1773959768935,24EknePH4A8XzYyw2n6FWF6GPsJ3DoSpxUPFprZxKbvpgk9Goj9Jb18ccmwKi2pu9DRRfH57skNF5mcLGYwr4LHy
6c7otGJNBwqg7NrErhJDVBjKKqKXGQ7r1Qb9EV152pY3,"EGRjvNQnBxGz7aZBrB73PkzbhqtEuVhREuorH3LyJ9zu
8RjD9X9y6b7ycMR6H6re47bMirS4CpXAsGBvWyc1bmrb",5SF1KWP9FC6XNhCzZxhmq2AMRxdbiuzLVtNXQn9z4NnG,1.1,0.0,1.1,1773998940,Torrino DAO governance vote:FAVOREVOLE:wallet:6c7otGJNBwqg7NrErhJDVBjKKqKXGQ7r1Qb9EV152pY3:timestamp:1773998936499,4YrJedKJhTDmRA21vmHYH4P7mF8gZUeAXCYmjaaXyZi7KTrmPj8omoNSg3zSqFPe3AbaiafN8Ng5g5g1bSH1AsQb
9ttirf1fntv99h2fPK2wWCBX1D55sF2JwhVwCNFHN8GJ,ENR5MDz5dJTXGYmRGrLp1PLF26bUSkob1Hkh6uFdkzKs,3LLgRYPf32pHx3VBtKjEjHBd2fyvECjJTbMq56Z6Fv9C,1.0,0.0,1.0,1773998975,Torrino DAO governance vote:FAVOREVOLE:wallet:9ttirf1fntv99h2fPK2wWCBX1D55sF2JwhVwCNFHN8GJ:timestamp:1773998973662,u52732JjEkeaymkwPEQqbWEU5BZwTWbwCZpokJa8854sRT9ph2YrcHDG9i9xGXE6PuVQ3SGUwBKf2JuZZTSaNTr
51ZGffeBhnQipXCXtUM1df1jRj2N58p5zFkAnbtnAXgd,ETKiUkVwxugAHnS8kVsQLkBfmZaDrbUCDsqzFxpajQSX,FswyEaHgRBkZiwRTQfmmUjb32EqB9RKDTp84piNiikz,1.0,0.0,1.0,1773998995,Torrino DAO governance vote:FAVOREVOLE:wallet:51ZGffeBhnQipXCXtUM1df1jRj2N58p5zFkAnbtnAXgd:timestamp:1773998994361,81B63rdEwV7KNPEUv6G4QmN7WXSpMCxxhdFqKf1qzMhyyY16Va6U7X58R27ixMkzE4PMMjUWBcoVmmjhqoqQEuG
GNHEWK6hTvJmxaVKL3Fgn6Gu4BssKWEZetonqCrEthz5,ECyfvCxCVC8VXDAdXhR1zjp8c6H7uDZvFjTHA6jVmcYA,EG5V9RDxvBoCNpo8gZn8bUaBiKy51KQECkfFad6BozNz,1.0,0.0,1.0,1773999023,Torrino DAO governance vote:FAVOREVOLE:wallet:GNHEWK6hTvJmxaVKL3Fgn6Gu4BssKWEZetonqCrEthz5:timestamp:1773999021876,5C1zVtdfibACWtZ5PrALZ6ESiFSuuV98XgfdY2vvCxtmT7hnYG7yArdVLvAFCQjDck8oNB2dcxxA7xyKkaF9UdN6
8uFZD6umQoEokqpWWvomBUHrUQTpEiy9qbTApPEGdhyN,,"2XLw7ri47Ao36rjNFBYdCsvReDYAeTGv6XHDWHEZhFxy
1frGGr6ucpKrh2kWgyMzDGsuhyxGctnTg7CybFm6Lj9",1.8,0.0,1.8,1774005261,Torrino DAO governance vote:FAVOREVOLE:wallet:8uFZD6umQoEokqpWWvomBUHrUQTpEiy9qbTApPEGdhyN:timestamp:1774005259951,2aFfVpq3YdaNbQkz9nhvtmBzRZZCFfjLqfDa192CDwzuuFrNujYsfHN8dhGzGUazQpYEp3SVTVjdt7pyi4hAP3Zz
H76X6eCiVDmVUfFnTkcxwTtzwoCth4U9141tp35fU4PR,"HTomoziMKyhowbb1TtL4PrbWdHzQzXXm5rgw1jMztjQc
FLR2jG3ejpZxHegq7oetCu8iH56SFsnLnvKixb7Qukjo
7DNFrcxfQ4wNAMyrhMvh1qCfwS6Xfo2qStFk8GgyJfhi
2bLSGNaqKR48dd7RbNfZY7a1QYPXgF3pfCnWAARfTo6h",BxKSJG1HGvyymSGPgqzuEfxHTrYr8veW1xk1WcNvCiWs,1.3,0.0,1.3,1774018229,Torrino DAO governance vote:FAVOREVOLE:wallet:H76X6eCiVDmVUfFnTkcxwTtzwoCth4U9141tp35fU4PR:timestamp:1774018224263,drpedJ9w8zzLhTTUDfF1nCyMorvs2MhSpe8URku8jM6bcsfUjonvNTK8UJbhzYW9voE35BdUYTEfHFRbGNcAjfK
JBZNqVQbSXQyeaDLZ5NMJWRzE9NQK6ktVt4rcHzbcHF8,,GeMk8VpYTNY8X6dnUUDfTQByYNB3FcBUHSXERF8DuHug,0.9,0.0,0.9,1774018259,Torrino DAO governance vote:FAVOREVOLE:wallet:JBZNqVQbSXQyeaDLZ5NMJWRzE9NQK6ktVt4rcHzbcHF8:timestamp:1774018254411,4eWWBQsBbMXwvXEX7bfDYz1WgbpB5WVgWqJkGxiW5pacrWgu5be2njJ4YLnNAJzXYm7D9SPfZbntCPPqHiMXzBPP
5X77X7sPZimPJ7h4vtMMHhx3MhWJkaHmP5RRwpJMLssA,9Rachr282dVdinCzAohbLjJGuJ7DRD7Ej7rQeWR1tYy6,,0.1,0.0,0.1,1774022203,Torrino DAO governance vote:FAVOREVOLE:wallet:5X77X7sPZimPJ7h4vtMMHhx3MhWJkaHmP5RRwpJMLssA:timestamp:1774022199565,3DgvZcAD9MT2q6fCpNXL7JiyQHBPY4UeHRwftUED4QxHdqhxjevGektGJxQdCcBNs9APH3FFnviEB2Fij73iShmw
GHKFb6wzA4tnLyDHPEHyZhqneRAd7ACWvyG5S3JoK8uy,BDUtaYAXg9xhNiLvbFPR2ow87s6DwMjPBbG48kzDMKSk,,0.1,0.0,0.1,1774023636,Torrino DAO governance vote:FAVOREVOLE:wallet:GHKFb6wzA4tnLyDHPEHyZhqneRAd7ACWvyG5S3JoK8uy:timestamp:1774023633361,3SpJqXZfUTR2emxbNm9pxDJMWEW3S999QQkDsC8ojCm5ASUQogCLLHn2pwoJPme8a33Vdy4pDNS7QFn5A9b8uVtz
4B8rsqpVnh7RCronjgnYqnRb7ncpU2ossEZsX2QhewjL,"GE1HkY8evxgBeSam5ozkL9dF91voiuvQrvKoEqy7JS8p
6FmAQcyCTSC64db1xPPJoxNfAVnwWQ6bvjgGVW2XYUbQ",HVg4Fs4tBjV3K3WFdavMkkz7w5MYJvgVGfuxXpGt8C1R,1.1,0.0,1.1,1774030526,Torrino DAO governance vote:FAVOREVOLE:wallet:4B8rsqpVnh7RCronjgnYqnRb7ncpU2ossEZsX2QhewjL:timestamp:1774030516799,3qf6HACRjif6pAwQoEBDyodC5usThu9eENFoAAG8bu4fDr8tGmgHpSCpGmWZ9ULQQ1carbwRZsYGhyPkoyNBhA8h
qKkFK4n5AEGk1GG2NXVsxxNT9ntGWMq2EEGNKjQeW7h,8carPoqupwQuXt5gmpaDr3voM6UfiJDy9bBtuQ66UTzJ,7hvGms3rRvoRkbFx5CBnS6VLXSLuzu2VFn4RzW3wpSjm,1.0,0.0,1.0,1774040311,Torrino DAO governance vote:FAVOREVOLE:wallet:qKkFK4n5AEGk1GG2NXVsxxNT9ntGWMq2EEGNKjQeW7h:timestamp:1774040296960,45HyC6x5wqDgBsLoFPFjJfbne5MEu2EEXuBZNUYpmaRUo1bPqmdoPntxGichYtVkhg2xPdJEiXDRwXe2pUXYwjWi
DQNu957S2REv2jVmnJZa4MhGkAaKPuiWk11XJmr6ARag,HuGkt5aH2ufmd6kiRmPK5XsQCaky45bt1oQyR83BEeqi,,0.1,0.0,0.1,1774042256,Torrino DAO governance vote:FAVOREVOLE:wallet:DQNu957S2REv2jVmnJZa4MhGkAaKPuiWk11XJmr6ARag:timestamp:1774042253518,3WzTZ5jGkJUVfhatKmA6b6iQAHncpvp7yFkkyfsNP6XxXK9eGt2LyBP37D8BzD4cUMdzTMCMZpX8Lb9YzNNYUHWq
